ID,District,Biden,Trump,R-D,Total_2020_Pres,Dem_2020_Pres,Rep_2020_Pres,Total_2020_Gov,Dem_2020_Gov,Rep_2020_Gov,Total_2018_Gov,Dem_2018_Gov,Rep_2018_Gov,Total_2016_Pres,Dem_2016_Pres,Rep_2016_Pres,Total_2016_Gov,Dem_2016_Gov,Rep_2016_Gov,Total_2016_Sen,Dem_2016_Sen,Rep_2016_Sen,Total_2019_CVAP,White_2019_CVAP,Hispanic_2019_CVAP,Black_2019_CVAP,Asian_2019_CVAP,Native_2019_CVAP,Pacific_2019_CVAP,BlackAlone_2019_CVAP,AsianAlone_2019_CVAP,NativeAlone_2019_CVAP,OtherAlone_2019_CVAP,TwoOrMore_2019_CVAP,Total_2019_Total,White_2019_Total,Hispanic_2019_Total,Black_2019_Total,Asian_2019_Total,Native_2019_Total,Pacific_2019_Total,BlackAlone_2019_Total,NativeAlone_2019_Total,Total_2018_CVAP,White_2018_CVAP,Hispanic_2018_CVAP,Black_2018_CVAP,Asian_2018_CVAP,Native_2018_CVAP,Pacific_2018_CVAP,BlackAlone_2018_CVAP,AsianAlone_2018_CVAP,NativeAlone_2018_CVAP,OtherAlone_2018_CVAP,TwoOrMore_2018_CVAP,Total_2018_Total,White_2018_Total,Hispanic_2018_Total,Black_2018_Total,Asian_2018_Total,Native_2018_Total,Pacific_2018_Total,BlackAlone_2018_Total,AsianAlone_2018_Total,NativeAlone_2018_Total,OtherAlone_2018_Total,TwoOrMore_2018_Total,Total_2010_Total,White_2010_Total,Hispanic_2010_Total,Black_2010_Total,Asian_2010_Total,Native_2010_Total,Pacific_2010_Total,BlackAlone_2010_Total,NativeAlone_2010_Total,Total_2010_VAP,White_2010_VAP,Hispanic_2010_VAP,Black_2010_VAP,Asian_2010_VAP,Native_2010_VAP,Pacific_2010_VAP,BlackAlone_2010_VAP,NativeAlone_2010_VAP,Total_2020_NHVAP,White_2020_NHVAP,Hispanic_2020_NHVAP,BlackAlone_2020_NHVAP,AsianAlone_2020_NHVAP,NativeAlone_2020_NHVAP,PacificAlone_2020_NHVAP,OtherAlone_2020_NHVAP,TwoOrMore_2020_NHVAP,Total_2020_Total,White_2020_Total,Hispanic_2020_Total,Black_2020_Total,Asian_2020_Total,Native_2020_Total,Pacific_2020_Total,Total_2020_VAP,White_2020_VAP,Hispanic_2020_VAP,Black_2020_VAP,Asian_2020_VAP,Native_2020_VAP,Pacific_2020_VAP
2,BE2,0.457965325,0.52916803,0.071202704,9171,4200,4853,9049,2381,6555,6384,2366,3937,8242,3251,4469,8038,3320,4378,8166,3563,4293,10916,10601,149,30,110,27,0,10,30,14,0,0,13910,13277,270,51,280,53,0,0,0,10752,10396,133,20,135,59,0,10,35,22,4,0,13740,13126,210,62,277,91,0,29,95,25,3,253,13572,13090,159,67,159,102,5,0,0,10688,10390,90,37,92,79,4,0,0,11887,11110,170,56,90,22,1,38,400,14575,13439,277,179,216,319,12,11887,11110,170,90,149,242,5
3,BE3,0.379194139,0.603369963,0.224175824,6825,2588,4118,6800,1419,5274,4683,1444,3179,6155,2076,3721,6065,2180,3620,6115,2225,3658,7805,7560,90,0,19,133,0,0,4,115,0,0,9983,9473,190,20,128,191,0,0,0,7655,7460,40,20,30,105,0,20,15,95,0,0,9922,9456,171,39,139,119,0,22,92,111,15,55,9854,9579,94,44,64,74,6,0,0,7624,7452,54,30,39,50,3,0,0,8861,8356,93,27,58,15,2,39,271,10809,10106,149,75,95,265,11,8861,8356,93,49,72,193,10
4,BE4,0.57787656,0.406907164,-0.170969396,5849,3380,2380,5731,2102,3559,4039,2117,1871,5268,2717,2204,5064,2481,2321,5197,2747,2235,7983,7646,184,4,20,123,0,4,20,0,0,0,10186,9785,240,1,36,142,0,0,0,7961,7598,189,29,45,108,0,29,45,0,0,0,10155,9703,204,27,110,136,0,27,110,0,0,112,10131,9743,106,73,120,93,10,0,0,8135,7869,70,37,86,74,7,0,0,8231,7669,138,22,107,29,1,26,239,9822,9099,176,61,185,194,10,8231,7669,138,54,127,146,7
5,BE6,0.619749596,0.368134087,-0.251615509,4952,3069,1823,4901,2121,2708,3904,2131,1738,4433,2419,1698,4346,2332,1893,4403,2434,1867,5624,5499,28,52,34,13,0,44,34,2,0,0,6399,6241,32,57,45,20,0,0,0,5598,5441,32,61,21,45,0,42,21,6,0,0,6332,6142,44,71,31,46,0,40,25,3,2,78,6162,5987,48,28,39,68,2,0,0,5144,5020,31,15,25,56,2,0,0,6092,5821,66,13,25,10,0,17,140,6994,6637,87,53,46,111,5,6092,5821,66,34,36,73,2
7,BE7,0.48194464,0.505128565,0.023183926,7117,3430,3595,7055,2094,4906,5207,2099,3046,6351,2608,3303,6216,2550,3425,6296,2735,3344,7730,7474,13,14,103,131,10,14,73,2,3,0,9465,8981,110,50,172,139,12,0,0,7705,7439,21,16,110,103,15,16,75,2,3,0,9470,9007,144,36,148,119,13,29,91,2,7,182,9415,9129,99,61,53,83,2,0,0,7631,7448,63,26,35,66,2,0,0,8803,8322,124,19,49,14,1,50,224,10295,9623,197,59,113,179,16,8803,8322,124,31,79,149,9
8,BE8,0.419381107,0.567100977,0.14771987,6140,2575,3482,6139,1585,4483,4121,1491,2571,5344,1928,3069,5195,1953,2980,5280,2091,2927,7728,7591,51,1,31,44,0,1,16,0,1,0,9221,8992,93,15,35,82,0,0,0,7456,7377,24,1,1,45,0,1,1,0,1,0,9019,8859,64,5,16,69,0,3,16,0,0,69,9120,8848,82,55,70,76,2,0,0,7396,7228,49,24,40,55,2,0,0,8190,7773,86,16,36,17,4,28,230,9741,9176,115,53,91,201,13,8190,7773,86,27,68,151,9
13,CA F8,0.388173773,0.598149638,0.209975865,2486,965,1487,2464,567,1858,1628,552,1059,2207,770,1294,2158,819,1235,2191,891,1199,3660,3445,95,60,15,55,0,60,0,30,0,0,4334,3895,91,255,14,52,0,0,0,3680,3460,85,64,0,65,0,60,0,35,0,0,4303,3898,83,219,0,65,0,127,0,37,0,158,4346,4189,45,28,32,64,0,0,0,3521,3404,31,21,21,52,0,0,0,3648,3399,41,19,24,9,0,7,149,4372,4017,56,44,72,135,12,3648,3399,41,29,45,100,6
9,CA1,0.483750187,0.50666467,0.022914483,6677,3230,3383,6625,1959,4605,5106,2042,3023,6013,2545,3067,5900,2368,3338,5981,2533,3266,7285,7140,120,15,0,10,0,0,0,0,0,0,8533,8235,147,17,144,9,0,0,0,7200,7060,110,15,0,10,0,0,0,0,0,0,8561,8290,139,16,118,10,0,0,106,0,0,26,8684,8428,93,35,72,67,2,0,0,7105,6939,51,18,48,46,2,0,0,7602,7277,80,9,42,9,0,30,155,8883,8395,138,61,92,134,10,7602,7277,80,32,58,109,6
11,CA3,0.736276174,0.250707414,-0.485568761,1767,1301,443,1641,876,720,1437,1096,319,2279,1462,640,2121,1290,675,2220,1506,607,4416,3937,200,116,53,105,0,106,4,19,0,0,4859,4271,281,186,70,112,0,0,0,4394,3956,191,109,28,104,0,99,4,24,0,0,4775,4282,233,167,32,108,0,101,7,26,0,125,4868,4648,71,59,66,29,3,0,0,4566,4373,62,53,58,25,3,0,0,3157,2832,109,52,60,2,1,12,89,3472,3067,135,90,99,61,6,3157,2832,109,75,79,44,5
12,CA4,0.66890292,0.315706393,-0.353196527,2534,1695,800,2507,1225,1244,1857,1200,630,2304,1424,736,2275,1384,770,2328,1460,751,3521,3361,29,51,67,8,0,37,57,0,0,0,4053,3768,55,119,117,48,0,0,0,3657,3516,24,37,59,12,0,37,44,0,0,0,4360,4049,53,124,118,74,0,65,87,0,0,105,4676,4366,85,73,133,32,0,0,0,3732,3544,52,41,80,24,0,0,0,3749,3421,80,33,71,9,0,12,123,4720,4218,134,92,133,107,5,3749,3421,80,48,87,84,2
14,CA5,0.700413881,0.283030882,-0.417382999,3141,2200,889,3103,1594,1447,2300,1533,743,3005,1817,972,2813,1690,1107,2969,1816,1073,3969,3730,103,12,72,58,0,10,36,1,0,0,4880,4570,121,40,99,57,0,0,0,3916,3683,95,24,65,56,0,22,25,1,0,0,4676,4375,113,50,85,58,0,20,46,1,0,124,4625,4393,67,31,109,26,0,0,0,3697,3545,38,16,76,20,0,0,0,4168,3867,82,31,75,3,0,11,99,5026,4572,116,91,152,81,13,4168,3867,82,48,99,55,6
15,CA6,0.662185453,0.317132023,-0.34505343,2901,1921,920,2855,1406,1394,2047,1336,681,2561,1581,791,2454,1513,825,2525,1618,803,3413,3156,15,36,187,19,0,22,187,0,0,0,4640,4111,27,37,424,19,23,0,0,3576,3254,11,37,271,15,0,17,256,0,0,0,4881,4151,61,39,611,16,0,17,424,0,0,231,4616,4303,73,44,176,28,1,0,0,3722,3510,48,24,123,19,0,0,0,4247,3788,103,52,149,9,1,14,131,5104,4492,142,117,229,93,16,4247,3788,103,78,178,80,9
27,CH F11,0.5700092,0.412143514,-0.157865685,5435,3098,2240,5329,2232,3011,4035,2220,1771,5016,2638,2054,4852,2559,2113,4947,2710,2030,7255,7135,35,15,14,50,10,15,4,10,0,0,9108,8775,118,59,57,51,48,0,0,7290,7190,40,19,15,28,0,19,15,4,0,0,9197,8976,112,65,13,31,0,65,13,5,0,26,9524,9203,107,72,73,55,20,0,0,7611,7414,58,38,50,41,14,0,0,7517,6996,84,29,57,19,17,28,287,9206,8466,121,102,130,226,46,7517,6996,84,57,78,167,32
34,CH F18,0.708700652,0.272901495,-0.435799157,2609,1849,712,2615,1396,1161,1939,1374,527,2524,1648,692,2416,1614,693,2476,1700,660,3786,3566,102,70,25,15,0,69,25,0,0,0,4521,4178,130,228,57,19,0,0,0,3642,3461,83,80,4,9,0,80,4,0,0,0,4473,4147,147,196,18,16,0,102,18,0,0,55,4643,4393,76,51,90,36,1,0,0,3825,3653,46,27,65,27,1,0,0,3877,3479,106,60,59,2,2,10,159,4725,4185,146,143,114,107,6,3877,3479,106,97,84,73,5
23,CH F7,0.610652921,0.373195876,-0.237457045,2910,1777,1086,2877,1205,1622,2159,1198,932,2630,1406,999,2589,1397,1092,2623,1481,1040,3796,3700,18,54,20,7,0,53,0,3,0,0,4713,4556,29,77,20,27,0,0,0,3744,3701,15,4,18,8,0,3,3,3,3,0,4640,4561,13,8,28,34,0,5,4,23,3,32,4466,4313,54,30,51,29,0,0,0,3527,3425,36,15,35,23,0,0,0,3638,3385,72,17,17,5,1,8,133,4453,4109,99,40,45,106,4,3638,3385,72,25,33,70,2
17,CH1,0.639657444,0.343873518,-0.295783926,3036,1942,1044,2977,1406,1517,2351,1521,798,2861,1684,978,2767,1679,980,2845,1741,1011,4022,3782,105,22,78,33,0,8,44,29,0,0,4918,4582,143,94,120,48,0,0,0,3987,3811,80,16,66,18,0,8,44,18,0,0,4776,4538,113,55,88,27,0,2,60,17,0,45,4674,4525,51,26,48,33,3,0,0,3823,3723,35,14,34,24,3,0,0,3772,3557,40,13,21,3,0,19,119,4587,4257,63,45,67,94,8,3772,3557,40,29,42,66,4
26,CH10,0.394477857,0.58611263,0.191634773,3658,1443,2144,3581,930,2579,2555,931,1579,3477,1292,1961,3382,1206,1989,3429,1294,1954,4780,4490,125,79,40,24,0,75,25,0,19,0,6054,5591,242,134,101,47,3,0,0,4795,4530,109,79,28,29,0,75,24,0,25,0,6106,5686,189,137,104,54,3,78,24,0,0,129,6014,5699,77,113,76,52,5,0,0,4812,4560,69,87,60,38,2,0,0,5242,4706,158,150,60,17,5,11,135,6476,5811,199,198,118,113,12,5242,4706,158,176,89,89,12
29,CH13,0.451925741,0.53283458,0.080908839,3609,1631,1923,3578,955,2554,2495,1066,1386,3438,1368,1786,3319,1450,1669,3389,1530,1697,5652,5445,58,51,30,50,0,32,30,8,4,0,7211,6844,106,101,65,91,0,0,0,5740,5528,48,56,35,46,0,37,35,8,10,0,7269,6892,96,106,74,107,0,59,54,30,0,141,7520,7249,99,41,50,90,8,0,0,5943,5767,57,26,31,70,2,0,0,5655,5344,52,20,15,17,0,20,187,6939,6478,88,70,72,184,4,5655,5344,52,29,40,142,1
30,CH14,0.368606702,0.618606702,0.25,2268,836,1403,2258,456,1770,1622,554,1048,2138,718,1304,2073,809,1191,2112,860,1183,2928,2845,44,5,4,38,0,5,0,4,4,0,3480,3338,80,5,16,55,5,0,0,2920,2852,44,5,0,24,0,5,0,0,4,0,3456,3334,72,5,13,43,7,3,6,0,0,38,3703,3603,23,12,16,52,0,0,0,3096,3033,10,8,7,40,0,0,0,3122,3010,27,3,8,6,0,5,63,3609,3446,54,16,21,74,1,3122,3010,27,8,17,56,1
32,CH16,0.353101197,0.628944505,0.275843308,1838,649,1156,1814,374,1421,1264,455,773,1755,563,1043,1669,649,943,1724,663,994,2920,2860,27,8,0,18,4,4,0,4,0,0,3517,3441,33,20,0,16,7,0,0,2870,2795,23,14,25,18,4,10,25,4,0,0,3499,3377,54,22,23,17,6,9,23,3,0,27,4062,3950,40,16,27,38,2,0,0,3281,3207,24,7,17,30,2,0,0,3025,2876,30,12,17,4,2,4,80,3556,3335,64,22,39,72,4,3025,2876,30,16,26,59,2
33,CH17,0.482517483,0.503496503,0.020979021,1859,897,936,1836,559,1259,1289,566,695,1637,685,808,1593,757,753,1624,758,797,2523,2422,8,30,0,67,0,30,0,29,0,0,3072,2870,28,69,21,87,0,0,0,2488,2382,8,34,4,52,0,34,4,29,0,0,3069,2909,14,73,21,55,0,68,4,29,0,49,3069,2896,57,33,50,34,0,0,0,2469,2352,36,21,34,20,0,0,0,2811,2587,26,15,31,11,0,13,128,3310,3012,49,44,60,114,3,2811,2587,26,32,49,86,3
18,CH2,0.531147541,0.45147541,-0.079672131,3050,1620,1377,3091,1210,1824,2232,1092,1087,2740,1288,1253,2675,1347,1231,2698,1378,1226,3714,3615,36,4,8,45,0,1,8,5,0,0,4690,4495,94,13,16,53,0,0,0,3671,3599,19,4,13,42,0,1,13,1,1,0,4629,4462,56,14,35,55,0,8,25,4,17,56,4724,4551,55,25,39,66,0,0,0,3772,3652,30,11,29,58,0,0,0,3911,3669,49,9,18,4,0,18,144,4739,4374,89,48,61,104,5,3911,3669,49,23,38,79,1
20,CH4,0.505605628,0.478346889,-0.027258738,4549,2300,2176,4451,1493,2889,3442,1610,1777,4542,2076,2185,4425,2031,2126,4507,2179,2081,6940,6690,4,4,110,119,0,0,75,14,25,0,8320,7963,1,13,223,162,0,0,0,6850,6505,95,4,100,149,0,0,60,39,0,0,8377,7881,157,7,186,143,0,0,126,36,0,177,8366,7955,134,54,156,79,6,0,0,6619,6351,71,32,112,60,3,0,0,6905,6336,137,21,109,10,2,35,255,8467,7651,200,95,190,212,11,6905,6336,137,58,126,164,5
21,CH5,0.488360575,0.489351164,0.000990589,2019,986,988,1965,692,1222,1342,685,618,1795,840,829,1725,853,737,1769,892,723,3195,3085,0,25,65,19,0,25,55,4,0,0,4240,4132,0,24,66,18,0,0,0,3295,3225,0,10,24,29,0,10,24,4,0,0,4222,4151,0,12,28,31,0,12,28,6,0,25,4341,4126,78,54,31,60,0,0,0,3349,3213,38,32,25,45,0,0,0,3346,3099,63,18,21,14,1,1,129,4150,3782,95,69,51,137,7,3346,3099,63,33,34,90,6
22,CH6,0.473027375,0.509259259,0.036231884,2484,1175,1265,2412,761,1588,1737,813,887,2285,999,1132,2219,1020,1071,2262,1078,1052,3418,3343,10,0,4,22,4,0,4,18,40,0,4305,4163,20,60,24,87,6,0,0,3463,3359,10,4,18,20,10,0,18,12,50,0,4357,4140,18,123,42,97,9,33,35,10,0,113,4541,4362,44,32,43,65,3,0,0,3545,3443,20,16,32,33,2,0,0,3632,3370,51,21,32,12,1,9,136,4481,4106,88,52,58,118,6,3632,3370,51,35,39,87,3
25,CH9,0.536709474,0.439544463,-0.097165011,4127,2215,1814,4107,1547,2490,3109,1549,1526,3876,1909,1654,3781,1888,1698,3874,1956,1730,5470,5220,130,8,83,10,0,4,79,0,14,0,6741,6397,147,51,152,8,0,0,0,5370,5185,75,8,65,14,0,4,65,4,14,0,6794,6457,89,25,224,14,0,4,157,5,0,82,7039,6700,118,60,104,63,5,0,0,5405,5188,76,30,67,45,3,0,0,5544,5070,112,26,87,14,2,30,203,6852,6174,175,58,169,166,14,5544,5070,112,48,119,120,11
35,CO1,0.508567802,0.475142797,-0.033425005,4727,2404,2246,4682,1543,3036,3344,1540,1731,4593,2170,2123,4515,2297,1976,4590,2410,1988,9277,7967,533,615,45,89,20,615,45,0,4,0,11079,9571,594,758,79,113,21,0,0,9492,8182,478,690,60,74,20,680,60,0,4,0,11331,9786,593,810,76,105,21,708,76,29,0,118,11158,10685,154,126,49,150,0,0,0,9108,8776,107,78,33,115,0,0,0,8704,7650,299,394,58,30,1,10,262,10468,9178,359,509,110,267,12,8704,7650,299,466,82,193,10
36,CO2,0.552393857,0.430442638,-0.12195122,2214,1223,953,2182,779,1369,1596,807,764,2066,1059,888,2014,1044,892,2054,1119,880,2840,2706,60,18,30,35,0,14,30,15,0,0,3386,3156,94,32,107,86,0,0,0,2860,2711,65,18,35,30,0,14,35,15,0,0,3414,3216,109,22,82,97,0,19,36,14,0,16,3543,3418,28,12,51,36,0,0,0,2906,2830,15,4,34,23,0,0,0,2850,2711,35,7,27,7,0,2,61,3386,3180,58,30,41,54,3,2850,2711,35,10,28,45,1
37,CO3,0.485205111,0.497814391,0.01260928,5948,2886,2961,5903,1816,3991,4245,1896,2252,5465,2250,2742,5365,2341,2763,5428,2276,2908,8959,8722,16,32,76,134,2,7,67,102,0,0,10937,10480,157,56,107,141,1,0,0,8827,8574,32,21,75,115,2,0,73,97,0,0,10732,10350,131,19,122,129,1,0,88,100,6,66,10484,10068,156,73,103,110,11,0,0,8290,8017,101,40,61,85,8,0,0,8885,8257,193,28,57,17,0,35,298,10799,9932,299,111,122,254,4,8885,8257,193,62,76,213,2
38,CO4,0.632281553,0.351132686,-0.281148867,2472,1563,868,2448,1073,1328,1850,1102,721,2201,1279,806,2154,1225,814,2185,1201,894,3228,3105,59,0,19,41,8,0,14,8,0,0,3729,3551,96,28,67,42,10,0,0,3104,3019,24,0,14,54,4,0,12,38,0,0,3680,3477,52,0,84,97,3,0,44,77,0,25,3630,3491,51,10,36,47,3,0,0,2931,2858,22,6,21,29,1,0,0,2995,2778,48,6,38,8,1,16,100,3567,3280,71,31,73,59,3,2995,2778,48,21,53,48,3
39,CO6,0.575682382,0.40942928,-0.166253102,2015,1160,825,1992,655,1296,1457,706,721,1835,904,767,1786,934,737,1821,900,844,2004,1940,10,9,18,21,1,8,18,10,0,0,2507,2335,28,9,110,25,0,0,0,2103,2027,30,3,28,18,3,2,28,10,0,0,2670,2463,39,4,141,23,2,3,138,10,2,11,3290,3165,33,16,49,32,4,0,0,2680,2593,22,8,31,23,3,0,0,2862,2649,41,10,68,4,0,8,82,3359,3065,68,38,99,60,0,2862,2649,41,21,84,38,0
40,CO7,0.569788797,0.411386593,-0.158402204,2178,1241,896,2134,747,1352,1409,702,677,1838,912,774,1794,954,716,1825,922,819,2171,2075,31,14,23,26,0,4,23,0,0,0,2726,2535,87,26,25,53,0,0,0,2247,2150,21,14,28,25,0,4,28,0,0,0,2774,2572,79,27,30,63,0,17,30,0,0,73,2820,2737,24,11,22,27,2,0,0,2300,2244,14,2,15,22,1,0,0,2762,2598,37,3,28,5,2,7,82,3309,3062,67,21,60,67,4,2762,2598,37,9,44,47,3
58,GR F17,0.438302624,0.543551089,0.105248465,3582,1570,1947,3520,959,2494,2709,1070,1579,3475,1321,1854,3384,1320,1863,3414,1341,1896,5662,5450,63,35,9,68,1,33,9,25,19,0,7088,6642,164,62,161,117,7,0,0,5860,5629,69,24,11,118,3,18,7,39,4,0,7166,6731,148,57,103,129,7,36,93,41,0,110,7170,6882,76,44,77,85,6,0,0,5796,5601,52,25,48,62,6,0,0,5764,5453,61,21,35,8,2,12,172,6999,6563,102,58,69,135,11,5764,5453,61,37,47,98,10
53,GR F18,0.513152401,0.467223382,-0.045929019,2395,1229,1119,2382,835,1503,1713,773,917,2156,957,1036,2114,988,1035,2143,987,1059,2986,2858,33,46,25,30,0,46,25,6,0,0,3809,3433,65,79,197,54,0,0,0,2994,2896,24,38,16,25,4,32,16,6,0,0,3754,3454,50,67,153,44,2,45,153,10,0,42,3628,3501,32,25,29,46,11,0,0,2902,2825,18,10,18,32,3,0,0,3012,2831,24,3,3,2,0,14,135,3580,3343,34,22,30,102,9,3012,2831,24,13,20,81,2
41,GR1,0.526068577,0.452794739,-0.073273837,2129,1120,964,2108,713,1358,1571,749,790,1911,890,870,1887,1013,765,1920,931,893,2725,2685,15,0,0,25,0,0,0,0,0,0,3291,3243,17,4,0,27,0,0,0,2745,2590,20,0,85,50,0,0,20,0,0,0,3313,3161,19,0,85,48,0,0,22,0,0,111,3333,3221,31,22,26,30,1,0,0,2657,2582,17,11,18,26,1,0,0,2742,2535,46,11,14,4,0,11,121,3343,3045,79,36,60,89,4,2742,2535,46,21,38,68,3
50,GR10,0.739148073,0.245841785,-0.493306288,2465,1822,606,2427,1299,1084,1930,1261,638,2315,1542,606,2286,1454,729,2313,1525,692,3518,3329,119,20,60,0,0,20,60,0,0,0,4394,3964,153,86,203,18,0,0,0,3512,3287,119,9,53,40,0,9,53,0,0,0,4599,4038,211,32,289,61,0,23,284,0,0,39,4338,3758,121,105,328,49,0,0,0,3518,3090,91,61,257,33,0,0,0,3780,3221,134,62,173,7,1,14,168,4543,3817,184,124,277,99,5,3780,3221,134,90,217,81,4
51,GR11,0.733476242,0.254733834,-0.478742408,2799,2053,713,2768,1523,1206,2069,1401,646,2532,1686,657,2445,1605,743,2490,1665,736,3546,3112,255,15,145,19,0,15,110,0,0,0,4571,3819,251,86,391,20,0,0,0,3386,3000,176,20,135,34,10,20,105,10,0,0,4409,3685,214,70,424,41,10,70,345,12,0,73,4386,3906,110,65,282,34,3,0,0,3564,3219,80,40,203,23,3,0,0,4212,3339,152,118,404,6,2,26,165,4956,3885,180,183,538,125,9,4212,3339,152,137,445,88,7
55,GR13,0.393042693,0.593291168,0.200248475,8854,3480,5253,8758,2020,6609,5557,1897,3563,7714,2719,4624,7461,2532,4668,7655,2892,4433,10725,9990,250,120,310,30,0,120,205,15,20,0,13798,12678,382,199,567,51,22,0,0,10465,9910,260,19,220,55,0,19,160,15,0,0,13596,12735,375,70,385,56,0,22,200,13,0,251,12905,12215,243,108,278,52,6,0,0,9562,9108,146,69,191,37,3,0,0,11298,10265,331,81,278,9,0,50,284,14222,12656,567,242,449,174,16,11298,10265,331,138,329,125,5
56,GR14,0.510278852,0.478458511,-0.031820341,14739,7521,7052,14694,4077,10493,10973,4075,6815,13570,5851,6816,13405,5087,7911,13533,5183,8008,16240,15150,394,125,585,10,0,70,495,0,0,0,22543,20319,641,428,1293,36,0,0,0,16380,15515,344,105,415,10,0,80,335,0,0,0,22388,20560,520,426,1026,42,0,230,585,0,0,493,21203,19788,367,229,764,92,4,0,0,15131,14313,236,112,427,51,3,0,0,17595,15574,441,119,915,17,5,62,462,23322,20087,748,339,1664,271,30,17595,15574,441,208,1044,186,22
57,GR15,0.627317676,0.351668727,-0.275648949,3236,2030,1138,3163,1361,1721,2015,1221,759,3248,1968,1078,3095,1835,1052,3202,1993,1027,6800,4825,1392,150,299,115,0,125,254,0,11,0,9891,5525,3358,863,486,291,0,0,0,6438,4673,1284,155,221,104,0,114,188,0,0,0,9504,5288,3405,892,362,273,0,217,269,0,0,319,9186,6072,2315,646,187,141,35,0,0,6968,5006,1435,389,128,104,24,0,0,8091,4875,2235,299,205,17,1,73,386,10387,5728,3327,817,362,270,22,8091,4875,2235,556,262,201,18
52,GR16,0.589051369,0.394263217,-0.194788151,5334,3142,2103,5257,1991,3183,3736,1891,1796,5038,2616,2062,4885,2474,2153,4995,2517,2271,7841,6728,534,66,471,55,0,64,439,12,0,0,10111,8095,826,188,1061,72,0,0,0,7965,6615,641,121,549,35,0,119,528,0,4,0,10292,7985,887,318,1215,41,12,177,1166,0,0,77,9974,7881,815,364,827,67,9,0,0,7809,6390,528,226,599,47,7,0,0,8292,6298,688,217,613,7,4,97,368,9994,7325,972,426,912,135,17,8292,6298,688,335,678,98,10
42,GR2,0.611056591,0.368662087,-0.242394504,6114,3736,2254,5984,2530,3325,4604,2727,1772,6265,3351,2460,6103,3299,2491,6242,3407,2555,8835,8240,69,289,174,75,0,130,110,0,4,0,10978,10141,84,327,377,83,0,0,0,9070,8435,134,263,159,68,8,85,95,10,4,0,11209,10373,172,424,252,74,12,134,172,11,10,325,11174,10634,155,128,162,107,3,0,0,9558,9180,116,74,109,84,1,0,0,9175,8277,245,66,168,22,6,40,351,10624,9487,309,199,319,204,8,9175,8277,245,161,240,164,7
43,GR3,0.535586481,0.446918489,-0.088667992,2515,1347,1124,2478,869,1571,1738,833,879,2286,1062,1071,2268,1094,1056,2301,1152,1035,3740,3446,26,27,234,7,1,25,121,4,1,0,4555,4189,79,56,254,10,7,0,0,3713,3555,21,12,108,20,1,10,16,0,1,0,4517,4280,61,23,150,23,2,8,16,0,0,149,4595,4433,41,26,59,42,1,0,0,3649,3532,29,8,44,35,0,0,0,3698,3401,47,15,43,7,0,6,179,4410,4017,63,46,73,165,4,3698,3401,47,36,54,124,2
44,GR4,0.443708609,0.539367182,0.095658572,2718,1206,1466,2694,726,1924,1876,709,1145,2388,893,1323,2226,956,1134,2374,976,1286,3580,3280,39,10,65,174,0,0,65,10,15,0,4267,3885,39,15,101,218,16,0,0,3550,3495,24,0,0,29,0,0,0,0,0,0,4268,4199,22,6,3,31,0,0,3,0,0,44,4140,4005,37,23,44,32,10,0,0,3301,3220,20,11,25,24,4,0,0,3708,3449,56,19,32,11,0,8,133,4404,4073,77,32,75,114,4,3708,3449,56,26,49,94,2
45,GR5,0.421852388,0.556439942,0.134587554,2764,1166,1538,2742,692,1986,1947,689,1216,2467,897,1377,2387,951,1292,2434,937,1359,3680,3539,36,8,41,46,7,0,36,6,3,0,4399,4200,75,23,57,73,16,0,0,3602,3475,57,8,39,33,7,0,33,0,3,0,4345,4055,103,100,63,65,13,74,50,0,3,59,4145,3952,53,18,44,86,1,0,0,3363,3251,22,10,27,52,0,0,0,3660,3433,32,8,22,11,1,18,135,4362,4066,50,29,45,91,3,3660,3433,32,19,39,68,2
46,GR6,0.642676311,0.336347197,-0.306329114,2765,1777,930,2738,1184,1513,1980,1102,847,2594,1445,931,2533,1426,996,2569,1457,1005,3790,3770,0,4,0,0,15,4,0,0,0,0,4545,4526,0,3,0,0,16,0,0,3865,3840,25,4,0,0,0,4,0,0,0,0,4570,4545,23,25,0,0,0,2,0,0,0,0,4582,4391,56,38,64,43,1,0,0,3694,3574,34,22,41,29,1,0,0,3793,3530,71,13,41,6,3,11,118,4465,4101,96,42,61,115,12,3793,3530,71,23,51,87,8
48,GR8,0.864877701,0.125742104,-0.739135597,8422,7284,1059,8114,5889,2139,7154,5804,1310,9037,7451,1158,8538,6498,1810,8938,6839,1950,10065,8575,354,345,729,59,10,278,634,25,4,0,13319,10628,547,583,1599,151,8,0,0,10020,8475,330,319,833,73,14,252,718,34,10,0,13194,10556,493,518,1616,148,19,339,1430,51,2,309,12976,10442,479,493,1448,162,8,0,0,10974,8777,411,443,1232,156,8,0,0,11613,9442,576,195,868,40,2,32,458,13615,10884,694,430,1360,168,8,11613,9442,576,362,1047,148,7
49,GR9,0.752327747,0.236499069,-0.515828678,2685,2020,635,2646,1513,1104,2056,1408,624,2426,1670,578,2373,1563,741,2424,1611,748,3486,3069,235,25,150,10,0,25,140,10,0,0,4658,3805,308,151,409,8,0,0,0,3302,2893,199,41,166,0,0,41,156,0,0,0,4611,3726,272,171,465,0,0,158,436,0,0,23,4427,3708,145,109,421,43,1,0,0,3557,3031,106,75,313,30,0,0,0,4041,3215,143,51,424,7,0,26,175,4783,3750,206,108,543,99,5,4041,3215,143,75,455,72,5
59,HI1,0.574758842,0.409967846,-0.164790997,6220,3575,2550,6143,2253,3801,4655,2204,2383,6049,3070,2585,5902,2885,2781,6021,2920,2884,7917,6792,406,305,303,73,0,303,286,8,35,0,10269,8279,866,532,589,129,34,0,0,7913,6827,347,239,374,68,0,237,330,0,55,0,10243,8337,702,467,696,85,111,352,562,0,14,278,10246,8785,390,244,785,38,7,0,0,8140,7168,245,173,514,33,6,0,0,8239,6704,493,178,504,13,4,72,271,10119,8009,713,385,749,162,21,8239,6704,493,252,565,112,13
68,HI10,0.46155268,0.521996303,0.060443623,5410,2497,2824,5351,1210,4064,3650,1269,2346,4910,1923,2720,4810,1851,2772,4912,1926,2813,6590,6385,50,0,90,65,0,0,65,65,0,0,8566,8328,54,17,118,66,17,0,0,6455,6270,30,0,85,65,0,0,55,65,0,0,8538,8326,32,18,115,65,18,0,58,54,0,68,8267,7867,162,88,110,55,6,0,0,5974,5740,81,48,66,40,4,0,0,6693,6232,160,42,59,12,0,28,160,8478,7760,264,97,146,120,12,6693,6232,160,54,87,84,6
69,HI11,0.493626455,0.489931646,-0.003694809,5413,2672,2652,5319,1441,3814,3796,1464,2288,5058,2144,2633,4945,2175,2565,5034,2213,2591,6879,6171,273,89,321,12,0,65,304,0,0,0,8684,7582,407,156,589,14,0,0,0,7311,6428,330,92,456,12,0,61,412,0,0,0,9564,8111,505,172,820,14,0,117,683,0,0,141,9105,8147,321,179,417,62,0,0,0,7141,6508,211,105,281,44,0,0,0,7797,6555,416,127,440,3,0,26,230,9482,7756,612,292,632,155,3,7797,6555,416,188,484,123,3
70,HI12,0.509974141,0.47543406,-0.034540081,5414,2761,2574,5363,1574,3728,3830,1543,2244,5029,2220,2493,4944,2192,2578,5005,2243,2601,7415,6588,108,334,376,12,0,300,321,0,0,0,9842,8166,112,743,822,12,0,0,0,7060,6270,166,268,341,12,0,268,271,0,0,0,9381,7768,244,732,689,11,0,592,558,0,14,203,9310,8162,434,440,263,55,10,0,0,7025,6368,237,223,178,35,4,0,0,7865,6741,350,220,311,1,4,19,219,9737,8085,527,480,470,119,14,7865,6741,350,275,351,95,11
72,HI14,0.587301587,0.396041544,-0.191260043,5103,2997,2021,5060,1908,3062,3808,1886,1858,4797,2461,1976,4651,2341,2083,4747,2447,2109,7409,6480,579,76,187,45,30,21,157,11,0,0,9630,8039,952,305,395,60,28,0,0,7298,6400,535,92,231,27,15,71,217,11,0,0,9606,8062,818,312,489,45,17,142,356,9,5,194,9226,8118,395,322,367,70,22,0,0,7435,6717,253,183,246,35,13,0,0,7756,6568,347,219,293,18,1,48,262,9292,7595,562,476,468,153,17,7756,6568,347,294,365,123,14
73,HI15,0.563723449,0.420658059,-0.143065389,4802,2707,2020,3544,642,2813,3368,1561,1747,4336,2149,1910,4244,2074,1975,4331,2159,1969,7684,6729,405,279,242,33,0,275,242,3,0,0,9772,8087,553,494,616,35,27,0,0,7453,6518,398,209,271,58,0,205,271,3,0,0,9885,7982,491,455,913,57,31,451,839,6,0,116,8914,7480,398,446,534,60,9,0,0,7419,6405,266,272,433,48,8,0,0,8764,7063,645,329,417,21,0,20,269,10014,7800,857,642,572,151,20,8764,7063,645,448,471,133,9
74,HI17,0.540273198,0.436881771,-0.103391427,4246,2294,1855,3988,1264,2631,3038,1353,1635,4129,1990,1844,3979,1982,1738,4070,2030,1817,6542,5627,520,281,91,18,0,215,91,4,0,0,9187,7313,912,793,276,23,22,0,0,6576,5679,556,238,108,12,0,200,108,0,0,0,9071,7145,1055,657,294,24,14,473,257,0,31,110,9012,7669,620,368,310,79,12,0,0,7153,6313,345,223,230,56,8,0,0,7450,5908,610,288,307,19,1,22,295,9147,6860,977,639,482,241,6,7450,5908,610,414,349,180,6
75,HI18,0.538802661,0.442350333,-0.096452328,4510,2430,1995,4243,1345,2815,3044,1326,1670,4259,2052,1956,4123,1992,1908,4209,2083,1926,6736,5648,467,336,224,60,0,270,193,10,0,0,9024,6828,1135,825,516,76,0,0,0,6881,5801,544,294,157,77,0,220,101,0,0,0,9100,7007,1125,740,431,86,0,327,241,0,0,406,9169,7479,769,585,316,83,15,0,0,6931,6000,429,268,220,43,7,0,0,7778,5990,844,328,305,10,2,18,281,9864,7132,1306,758,483,179,10,7778,5990,844,461,355,144,7
60,HI2,0.601792574,0.385189927,-0.216602646,4686,2820,1805,4606,1803,2703,3212,1695,1467,4317,2349,1663,4164,2191,1736,4256,2233,1806,6905,5633,725,258,235,19,10,148,184,4,50,0,9449,7120,1473,520,423,23,74,0,0,6773,5531,733,254,187,29,10,174,137,4,40,0,9235,6950,1568,509,231,62,58,276,192,13,18,210,9049,7220,1193,395,233,111,15,0,0,6919,5764,737,233,162,67,9,0,0,7893,6023,1142,213,189,12,3,53,258,9816,7096,1730,488,316,179,15,7893,6023,1142,340,239,125,11
77,HI20,0.598250937,0.386400143,-0.211850794,5603,3352,2165,5514,2057,3387,4475,2104,2324,5582,2988,2231,5485,2811,2472,5559,2860,2525,7011,6494,121,182,186,20,0,167,136,4,10,0,8864,7502,238,465,579,39,0,0,0,7013,6455,106,232,197,13,0,222,139,13,10,0,8838,7471,258,472,623,21,0,303,548,13,19,227,9121,8252,255,172,404,40,4,0,0,7430,6794,162,113,333,32,4,0,0,8190,7106,366,139,241,16,4,37,281,9696,8217,511,380,412,136,16,8190,7106,366,254,314,110,14
78,HI21,0.578052126,0.39478738,-0.183264746,3645,2107,1439,3452,1211,2108,2336,1128,1105,3336,1695,1378,3203,1621,1373,3288,1745,1304,6994,5454,664,599,217,55,0,540,201,40,0,0,9604,6826,1174,1335,402,57,0,0,0,6746,5373,695,417,202,48,0,385,180,46,0,0,9224,6789,1190,933,418,53,0,699,380,48,2,116,8991,7261,684,550,443,131,17,0,0,6708,5683,380,279,327,77,13,0,0,7590,5720,793,417,241,22,3,55,339,9749,6886,1294,941,416,272,39,7590,5720,793,572,291,205,27
79,HI22,0.640966628,0.337744534,-0.303222094,3476,2228,1174,3414,1528,1776,2373,1384,924,3056,1834,983,2914,1632,1084,3003,1786,1033,6968,5846,536,393,172,37,0,378,157,19,0,0,9533,6591,1432,1086,625,49,11,0,0,6875,5738,564,348,155,66,0,333,155,46,4,0,9092,6446,1296,970,416,166,0,750,407,51,6,135,9113,6875,1215,709,318,97,36,0,0,7729,6116,845,490,258,77,26,0,0,8423,6057,1141,585,275,19,3,40,303,9959,6692,1583,1220,412,217,22,8423,6057,1141,818,348,176,15
81,HI24,0.578346785,0.39883106,-0.179515725,3593,2078,1433,3546,1313,2132,2384,1219,1109,3540,1875,1372,3397,1807,1380,3485,1918,1324,6521,5575,458,221,213,50,0,206,184,10,4,0,8924,6660,1078,487,664,59,4,0,0,6489,5482,499,232,216,51,0,208,204,8,0,0,8887,6585,1035,614,678,59,1,401,639,14,29,184,9047,7141,919,570,371,125,27,0,0,7050,5855,562,321,253,93,24,0,0,7541,5596,879,506,259,17,2,21,261,9468,6563,1376,1077,404,214,13,7541,5596,879,687,312,145,10
82,HI25,0.582897033,0.391273997,-0.191623037,2865,1670,1121,2812,1041,1685,1824,923,857,2877,1571,1078,2739,1467,1099,2832,1620,1038,6353,4533,1060,389,369,15,0,270,356,13,11,0,9858,5576,2356,1372,832,35,20,0,0,6279,4586,965,384,325,12,0,239,309,10,4,0,9918,5828,2082,1267,900,31,19,727,872,14,23,376,9286,6198,1713,860,499,112,26,0,0,6807,4933,1038,461,352,68,19,0,0,7261,4441,1590,508,405,15,4,28,270,9626,5362,2436,1192,568,243,15,7261,4441,1590,687,449,184,13
83,HI26,0.550813008,0.426321138,-0.12449187,3936,2168,1678,3895,1285,2503,2681,1239,1386,3934,1962,1700,3794,1969,1626,3879,2044,1619,6708,5890,317,317,121,42,0,230,109,0,20,0,9187,7022,1299,592,247,63,0,0,0,6649,5735,260,500,62,50,0,400,37,0,30,0,9091,7049,949,871,176,68,13,548,149,0,46,352,9178,7035,1156,545,406,88,27,0,0,6968,5631,714,267,319,54,15,0,0,7580,5551,1062,291,359,18,0,33,266,9610,6660,1616,632,530,211,8,7580,5551,1062,415,418,161,8
84,HI27,0.427512443,0.555861485,0.128349042,9443,4037,5249,9381,2350,6911,6575,2375,4088,8507,3115,4749,8349,3235,4675,8493,3294,4809,11125,10795,115,25,30,150,0,0,15,0,4,0,14734,14188,233,41,100,147,15,0,0,10970,10640,155,20,10,140,0,0,0,0,4,0,14627,14065,273,38,78,136,17,0,9,0,71,209,14106,13664,153,68,131,83,15,0,0,10295,10028,98,36,71,61,9,0,0,11713,10965,192,55,44,24,2,61,370,15200,14057,301,182,169,287,16,11713,10965,192,109,104,191,12
85,HI28,0.456277056,0.521212121,0.064935065,2310,1054,1204,2275,692,1542,1718,718,968,2037,854,1030,2037,869,1058,2087,901,1080,2780,2705,8,10,8,40,0,10,4,0,8,0,3467,3302,26,55,42,75,11,0,0,2860,2770,14,4,8,55,0,0,4,0,8,0,3608,3443,34,40,42,77,17,8,5,0,0,118,3474,3335,42,21,42,36,1,0,0,2783,2700,24,15,19,27,1,0,0,2935,2747,40,7,20,8,0,7,106,3523,3278,60,25,46,86,2,2935,2747,40,15,34,70,2
86,HI29,0.487438665,0.494602552,0.007163886,10190,4967,5040,10129,2714,7284,7215,2932,4183,9834,4146,5009,9541,4067,5088,9742,4170,5197,14415,13660,415,110,119,118,0,65,104,89,4,0,18061,16984,506,237,202,194,78,0,0,14415,13745,360,110,70,124,0,65,55,79,8,0,18062,17080,459,233,105,220,81,86,63,81,0,293,17651,16813,322,219,205,91,16,0,0,14153,13586,207,142,134,71,14,0,0,15119,13856,430,167,176,25,4,42,419,18577,16803,628,375,363,260,15,15119,13856,430,263,248,201,10
61,HI3,0.583675441,0.402076793,-0.181598648,4141,2417,1665,4077,1560,2442,2758,1398,1308,3997,2112,1630,3896,2037,1654,3976,2124,1664,6843,5783,712,152,129,45,0,123,107,0,29,0,9282,6816,1212,853,753,115,0,0,0,7065,6222,489,150,119,59,0,115,92,6,12,0,9468,7385,943,849,652,96,19,402,556,7,5,177,9390,7496,1142,360,351,110,21,0,0,7426,6181,713,231,244,76,13,0,0,7966,5840,1224,214,335,14,5,48,286,9901,6865,1842,538,498,173,22,7966,5840,1224,372,380,140,18
87,HI30,0.458283158,0.518837089,0.060553931,5813,2664,3016,5747,1792,3841,4167,1721,2343,5492,2221,2852,5339,2374,2607,5433,2413,2697,8005,7615,30,109,43,208,0,74,4,14,0,0,10394,9861,41,137,83,260,0,0,0,7760,7475,24,78,44,139,0,53,29,30,0,0,10351,9951,42,101,56,189,0,68,27,34,12,217,10348,9911,134,102,84,118,8,0,0,7831,7579,75,41,55,86,6,0,0,8234,7589,155,38,40,22,2,36,352,10344,9418,242,144,103,299,11,8234,7589,155,77,64,233,5
89,HI32,0.608318891,0.378682842,-0.229636049,2308,1404,874,2280,1015,1241,1832,975,826,2152,1146,847,2110,1136,872,2139,1154,901,3000,2930,50,12,8,4,0,8,8,0,4,0,3653,3514,69,23,21,21,1,0,0,2900,2825,35,12,12,8,0,8,8,0,10,0,3550,3404,59,36,26,30,0,12,8,0,4,63,3403,3297,33,20,36,21,1,0,0,2722,2638,26,12,28,19,1,0,0,2810,2645,30,13,12,0,1,16,93,3447,3188,63,59,47,53,4,2810,2645,30,28,32,37,4
91,HI34,0.53906105,0.438114678,-0.100946372,5389,2905,2361,5340,1924,3332,3953,1823,2062,4926,2255,2250,4804,2252,2314,4881,2257,2364,6540,6405,43,40,25,18,0,15,25,4,10,0,8028,7740,58,112,120,41,0,0,0,6420,6275,33,55,40,18,0,15,40,0,0,0,7967,7683,58,92,111,27,0,18,52,5,3,148,7775,7424,114,63,102,71,4,0,0,5910,5698,60,36,62,46,3,0,0,6549,6060,146,15,31,8,3,40,246,8182,7418,237,90,135,168,12,6549,6060,146,41,74,125,9
92,HI35,0.693986732,0.291461588,-0.402525144,4673,3243,1362,4593,2462,2067,3614,2282,1276,4177,2619,1273,4107,2528,1421,4199,2579,1466,5667,5474,162,0,27,1,0,0,26,0,0,0,6959,6682,249,0,25,5,0,0,0,5628,5409,177,0,37,1,0,0,36,0,0,0,6881,6613,228,0,37,8,0,0,37,0,0,2,6636,6321,90,59,139,26,3,0,0,5222,5019,55,33,95,21,3,0,0,5471,5021,194,24,56,6,4,23,143,6777,6123,260,79,126,104,5,5471,5021,194,36,79,82,5
93,HI36,0.589406415,0.394248495,-0.195157921,8137,4796,3208,7996,2913,4960,6287,2941,3269,7351,3777,3271,7410,3384,3751,7558,3406,3940,8430,8120,135,0,165,10,0,0,140,0,0,0,11333,10653,299,67,371,9,0,0,0,8405,8135,100,0,140,10,0,0,120,0,20,0,11310,10633,184,179,313,30,0,9,163,0,47,274,11203,10582,218,87,278,54,14,0,0,8285,7933,120,34,164,33,9,0,0,9130,8401,228,47,156,2,2,48,246,11753,10609,373,165,326,139,7,9130,8401,228,85,204,99,4
94,HI37,0.562575107,0.423690987,-0.13888412,5825,3277,2468,5646,2005,3582,4305,1953,2288,5228,2529,2310,5111,2257,2671,5201,2323,2738,6075,5735,85,19,185,15,0,4,80,15,45,0,7918,7221,164,173,406,38,70,0,0,5895,5660,75,4,160,0,0,4,110,0,0,0,7880,7218,173,157,422,0,0,15,229,0,52,193,7684,7237,95,68,247,45,5,0,0,5751,5477,64,36,152,26,2,0,0,6484,5852,147,31,261,2,0,16,175,8342,7332,240,105,488,125,9,6484,5852,147,74,301,85,3
95,HI38,0.518245732,0.460104899,-0.058140832,8961,4644,4123,8887,2609,6121,6403,2816,3447,8280,3816,3850,8069,3658,3920,8236,3866,3964,11770,11015,285,135,249,124,0,105,224,4,0,0,15732,14335,444,319,513,133,0,0,0,11650,10875,270,125,314,95,0,105,290,0,0,0,15569,14042,427,295,734,96,0,253,669,0,22,156,15112,14102,337,267,275,126,10,0,0,11337,10695,205,157,169,91,6,0,0,12886,11524,391,178,213,18,4,73,485,16131,14222,593,423,373,350,17,12886,11524,391,297,272,247,11
62,HI4,0.59605233,0.384438834,-0.211613496,4357,2597,1675,4264,1677,2501,2970,1577,1348,4353,2350,1724,4170,2208,1693,4274,2342,1691,6828,5345,999,140,312,23,0,134,132,20,20,0,9784,6747,2123,600,381,52,19,0,0,7038,5631,913,167,200,87,20,118,125,45,20,0,9988,6855,2187,646,278,155,40,274,159,67,16,405,9816,7801,1334,373,292,83,19,0,0,7449,6193,799,230,202,63,10,0,0,7725,5592,1355,231,198,17,1,54,277,9853,6679,2098,551,326,186,14,7725,5592,1355,364,237,142,12
98,HI41,0.439044481,0.540053542,0.101009061,9712,4264,5245,9661,2605,6891,6902,2617,4161,8741,3276,4765,8509,3181,4862,8639,3219,4987,11638,11086,202,149,111,78,0,135,78,0,10,0,15582,14576,375,226,286,134,17,0,0,11587,11186,206,20,71,72,0,20,38,0,15,0,15497,14725,376,19,256,147,11,19,63,0,0,315,14943,14336,278,97,144,118,13,0,0,10844,10510,147,51,71,79,6,0,0,11932,11007,256,49,114,13,6,70,417,15647,14196,436,154,314,308,15,11932,11007,256,98,174,224,10
99,HI42,0.456372549,0.521568627,0.065196078,2040,931,1064,2026,557,1427,1328,539,752,1900,833,929,1827,872,868,1854,880,876,3210,3145,35,10,10,14,0,10,10,4,4,0,4004,3923,33,9,20,15,4,0,0,3190,3105,40,8,0,34,0,4,0,4,4,0,4029,3896,66,9,21,42,3,5,21,4,0,37,3965,3835,38,36,20,36,0,0,0,3191,3100,28,24,14,22,0,0,0,3294,3079,62,34,19,0,3,14,83,3998,3717,76,66,52,56,7,3294,3079,62,51,36,37,7
100,HI43,0.428407789,0.547919053,0.119511264,2619,1122,1435,2631,666,1912,1717,655,1020,2404,884,1330,2304,1012,1147,2359,1023,1205,3790,3595,50,55,60,25,0,20,60,25,0,0,4884,4519,79,71,189,43,0,0,0,3485,3360,10,49,60,4,0,24,50,0,0,0,4866,4470,66,79,244,48,0,54,120,0,0,156,4820,4606,70,56,54,45,0,0,0,3633,3512,44,26,26,27,0,0,0,3855,3577,51,30,49,2,0,15,131,4872,4444,91,71,90,117,2,3855,3577,51,39,70,76,2
101,HI44,0.434384782,0.549241512,0.11485673,4153,1804,2281,4089,1104,2923,2791,1085,1657,3842,1487,2049,3767,1675,1861,3810,1706,1882,7110,6800,140,10,65,54,0,10,55,0,35,0,8623,8175,224,29,100,58,37,0,0,6910,6640,120,55,60,37,0,55,45,0,0,0,8586,8145,262,87,89,35,0,37,59,0,18,65,8477,8072,133,82,88,127,10,0,0,6589,6340,69,42,57,88,3,0,0,7069,6506,132,36,37,17,1,20,320,8741,7916,216,146,85,309,5,7069,6506,132,80,60,235,2
102,HI45,0.457090576,0.52516011,0.068069533,5465,2498,2870,5448,1597,3756,3946,1569,2314,4904,1951,2621,4834,2183,2464,4901,2098,2613,6585,6400,105,24,10,50,0,20,10,0,0,0,7888,7641,131,33,27,50,0,0,0,6650,6480,35,14,10,120,0,10,10,0,0,0,7823,7600,46,19,22,131,0,18,22,0,5,132,7668,7456,80,29,45,52,5,0,0,5947,5809,51,16,24,41,3,0,0,6568,6094,102,63,34,14,0,16,245,7965,7338,146,110,67,191,8,6568,6094,102,91,51,154,1
63,HI5,0.553188204,0.433842828,-0.119345376,6477,3583,2810,6390,2230,4067,4586,2161,2368,6080,2944,2722,5921,2800,2867,6021,2895,2894,7971,7053,140,85,661,29,0,68,661,4,0,0,10147,8304,272,168,1354,42,0,0,0,7967,7034,222,95,597,22,0,85,597,0,4,0,10251,8245,516,293,1248,34,0,169,1206,2,23,92,10267,8993,300,216,708,50,13,0,0,8093,7224,212,141,478,36,8,0,0,8897,7191,352,111,931,9,2,67,234,10803,8380,515,273,1379,144,16,8897,7191,352,185,983,117,8
64,HI6,0.593707015,0.39150619,-0.202200825,5816,3453,2277,5760,2127,3550,4034,2060,1909,5358,2842,2196,5207,2625,2408,5310,2672,2459,7130,6133,212,222,508,62,0,185,463,6,0,0,9694,7354,457,501,1266,75,0,0,0,7181,6195,126,224,580,54,0,211,525,0,6,0,9834,7529,444,470,1300,77,0,277,1155,1,89,336,9799,7538,517,210,1480,40,4,0,0,7474,6005,340,147,942,29,4,0,0,8232,6191,532,178,1051,8,3,55,214,10182,7302,764,341,1571,124,7,8232,6191,532,237,1106,100,5
65,HI7,0.62883925,0.355604308,-0.273234942,5014,3153,1783,4910,2054,2773,3451,1886,1509,4585,2439,1816,4433,2273,1972,4538,2354,1998,7130,5653,444,413,544,79,0,334,524,0,0,0,10188,6800,663,561,2029,139,0,0,0,6876,5363,514,449,445,88,0,443,421,4,18,0,9793,6440,778,518,1901,124,33,494,1768,8,14,280,8767,6523,504,313,1317,39,7,0,0,7085,5471,348,215,954,27,3,0,0,8449,5928,546,210,1346,3,1,104,311,10267,6841,726,442,1927,85,15,8449,5928,546,311,1412,65,10
66,HI8,0.522548961,0.459304067,-0.063244894,16697,8725,7669,16582,4835,11474,11576,4885,6535,14923,6405,7397,14820,6329,7867,15124,6520,8059,20150,18735,600,230,390,75,50,180,340,0,70,0,25987,23579,949,373,846,117,245,0,0,19794,18699,405,235,335,40,35,195,310,0,50,0,25813,23625,600,352,1051,71,179,260,796,0,109,388,25489,23823,546,340,642,138,21,0,0,19234,18210,311,202,409,97,10,0,0,21161,19016,616,202,475,30,2,105,715,26632,23547,991,491,865,384,40,21161,19016,616,338,632,307,24
67,HI9,0.454464469,0.530665388,0.076200918,14593,6632,7744,14451,3726,10546,9367,3531,5682,13357,5306,7220,12895,5100,7157,13186,5426,7150,19955,18920,410,194,330,75,35,119,305,0,0,0,25356,23608,582,312,693,74,33,0,0,19550,18560,325,204,380,60,15,154,345,0,0,0,25185,23462,525,323,747,58,17,168,700,0,66,247,24475,22318,714,443,869,133,18,0,0,18377,17019,432,259,562,95,12,0,0,20475,18181,794,247,544,18,10,83,598,25394,22125,1151,572,935,393,29,20475,18181,794,371,635,297,21
112,ME10,0.506127168,0.475606936,-0.030520231,4325,2189,2057,4311,1302,2948,2922,1304,1582,4023,1810,1919,3960,1883,1862,4011,1908,1910,5545,5285,85,25,90,0,15,15,20,0,50,0,7187,6798,160,76,152,51,15,0,0,5545,5325,60,14,75,0,20,10,15,0,55,0,7172,6718,130,36,284,55,19,10,139,0,0,156,7115,6809,116,77,70,60,1,0,0,5406,5229,60,40,47,43,0,0,0,5709,5289,115,40,51,9,0,31,174,7207,6559,183,131,122,146,7,5709,5289,115,72,72,116,5
113,ME11,0.411641869,0.563821457,0.152179588,3831,1577,2160,3805,906,2837,2646,921,1654,3568,1337,1976,3494,1456,1821,3530,1472,1879,5150,5020,44,4,45,34,0,0,45,4,0,0,6779,6422,156,12,142,53,0,0,0,5090,4965,54,4,40,28,0,0,40,4,0,0,6748,6460,143,8,89,32,0,7,70,2,0,66,6636,6400,103,52,42,48,3,0,0,5106,4953,58,30,24,44,1,0,0,5387,4973,79,23,18,23,0,14,257,6740,6143,137,83,50,211,7,5387,4973,79,49,30,150,5
114,ME12,0.40314315,0.581482747,0.178339597,2927,1180,1702,2908,636,2228,1990,682,1288,2646,919,1546,2603,1040,1431,2576,1014,1517,3725,3635,40,4,39,4,0,0,4,0,0,0,4722,4469,71,4,144,12,17,0,0,3735,3655,30,0,50,4,0,0,10,0,0,0,4713,4478,46,0,156,11,13,0,33,0,9,147,4566,4454,28,33,31,20,0,0,0,3526,3458,17,16,21,14,0,0,0,3938,3708,53,14,21,0,0,10,132,4834,4511,80,43,43,95,2,3938,3708,53,24,28,77,1
116,ME14,0.599767081,0.380046584,-0.219720497,2576,1545,979,2575,1007,1523,1829,966,822,2414,1266,939,2365,1375,884,2392,1348,946,3422,3248,53,65,25,16,0,65,15,0,15,0,4467,4123,73,149,99,26,6,0,0,3278,3121,39,45,26,16,0,45,16,0,21,0,4401,4083,63,117,114,32,9,117,77,0,0,57,4465,4205,70,71,87,46,4,0,0,3404,3237,47,34,61,30,2,0,0,3850,3477,63,59,60,15,1,7,168,4838,4283,129,141,116,119,3,3850,3477,63,95,83,95,2
117,ME15,0.586369481,0.395627947,-0.190741535,2333,1368,923,2331,882,1404,1545,795,731,2158,1088,899,2113,1168,844,2130,1160,857,3684,3303,122,81,121,45,0,78,79,29,11,0,4699,4066,201,204,144,108,1,0,0,3696,3418,93,65,35,76,0,61,4,19,10,0,4694,4141,178,168,74,150,1,136,38,61,0,141,4381,3945,118,91,180,55,2,0,0,3392,3116,59,54,124,42,2,0,0,4067,3494,121,123,166,15,2,10,136,4971,4164,183,234,259,111,6,4067,3494,121,153,184,79,4
118,ME16,0.653318078,0.33180778,-0.321510297,1748,1142,580,1740,818,903,1293,737,547,1588,919,536,1561,956,540,1576,932,591,3729,3250,174,122,77,118,0,104,9,17,3,0,4430,3820,204,232,86,166,4,0,0,3639,3235,150,99,42,120,0,79,3,16,3,0,4384,3900,199,178,40,140,5,103,3,16,0,167,4328,3903,145,185,72,31,1,0,0,3638,3292,125,150,50,22,0,0,0,4496,3921,254,177,64,7,0,16,57,5031,4376,278,238,95,42,5,4496,3921,254,218,70,38,1
119,ME17,0.702803738,0.275233645,-0.427570093,2140,1504,589,2129,1182,921,1625,1065,525,2081,1322,605,2026,1313,594,2052,1346,619,3227,3016,95,73,5,77,0,35,3,17,0,0,3825,3536,116,123,36,80,0,0,0,3284,3058,110,77,18,56,0,44,2,2,0,0,3906,3572,151,120,56,58,0,67,25,2,0,88,4101,3706,79,122,152,60,3,0,0,3351,3082,49,79,117,38,1,0,0,3225,2847,97,73,54,18,1,15,120,3784,3296,119,137,108,103,9,3225,2847,97,102,74,80,7
120,ME18,0.745016924,0.244452802,-0.500564122,2659,1981,650,2643,1552,1075,2081,1376,694,2484,1697,640,2442,1614,761,2468,1615,807,3192,2971,60,47,83,31,0,39,70,3,0,0,4117,3748,88,93,181,37,1,0,0,3144,2939,52,42,88,25,0,37,48,3,0,0,4097,3718,82,78,218,30,1,36,128,4,0,132,4114,3836,74,80,102,37,0,0,0,3279,3091,46,50,64,26,0,0,0,3212,2906,66,74,83,8,0,5,70,3959,3495,93,147,152,51,3,3212,2906,66,88,109,38,2
121,ME19,0.644525882,0.338983051,-0.305542831,2183,1407,740,2136,1049,1044,1531,958,525,2095,1241,663,2037,1279,618,2071,1300,651,3023,2772,76,22,68,76,0,15,68,27,4,0,3723,3357,126,42,121,84,0,0,0,3017,2809,40,29,80,68,0,17,66,27,4,0,3905,3571,61,40,168,66,0,20,139,26,0,85,4164,3793,80,143,94,48,6,0,0,3304,3073,43,78,67,38,4,0,0,3430,2962,101,109,82,10,0,28,138,4104,3439,137,242,129,92,6,3430,2962,101,156,86,76,3
104,ME2,0.447270593,0.53394639,0.086675797,5111,2286,2729,5094,1544,3473,3550,1467,2007,4690,1913,2492,4551,2112,2236,4651,2054,2382,6455,6375,18,0,23,35,0,0,19,10,0,0,8034,7864,44,14,57,50,0,0,0,6325,6265,18,8,8,28,0,0,4,10,0,0,7959,7676,42,124,62,44,0,92,57,11,17,64,7881,7631,68,47,55,96,6,0,0,6080,5928,39,22,25,73,4,0,0,6517,6143,71,7,23,8,2,22,241,8008,7484,118,74,58,167,14,6517,6143,71,43,35,122,12
122,ME20,0.687116564,0.296643811,-0.390472754,2771,1904,822,2762,1437,1297,2198,1370,798,2661,1675,801,2640,1705,864,2657,1687,908,3208,3135,13,6,15,45,0,6,15,35,0,0,3880,3618,16,31,132,85,0,0,0,3282,3215,12,2,20,27,0,2,20,20,0,0,4134,3921,17,28,122,49,0,28,122,40,0,6,4251,3948,75,57,157,28,3,0,0,3289,3114,36,28,98,18,2,0,0,3387,3090,74,21,95,5,0,7,95,4121,3712,110,60,142,59,7,3387,3090,74,40,105,50,2
123,ME21,0.599576271,0.383474576,-0.216101695,2360,1415,905,2293,918,1332,1659,839,793,2046,1069,888,2021,1166,780,2061,1168,805,3221,2884,20,95,142,78,0,95,142,44,0,0,4508,3379,59,359,635,77,0,0,0,3104,2830,25,80,138,30,0,80,138,10,0,0,4384,3282,45,330,687,32,0,330,657,12,8,49,4141,3601,78,191,253,49,9,0,0,3433,3080,48,105,183,33,4,0,0,3631,3034,83,141,214,17,1,13,128,4253,3442,111,292,296,105,2,3631,3034,83,184,239,85,2
124,ME22,0.655946912,0.330781011,-0.325165901,1959,1285,648,1822,843,952,1462,824,618,1956,1136,721,1903,1146,700,1895,1171,699,3431,2881,160,260,104,31,0,260,89,0,0,0,5064,3441,313,601,592,32,0,0,0,3165,2649,178,197,138,0,0,195,113,0,0,0,4831,3286,319,513,669,0,0,398,595,0,151,83,4343,3543,102,216,440,30,5,0,0,3428,2898,64,116,314,25,1,0,0,3497,2489,85,340,416,8,0,26,133,4350,2881,116,591,624,94,6,3497,2489,85,370,441,71,6
125,ME23,0.624402676,0.365402995,-0.258999681,3139,1960,1147,3105,1284,1794,2462,1246,1191,2867,1571,1120,2852,1574,1215,2886,1544,1285,3318,3200,45,0,74,0,0,0,74,0,0,0,4531,4141,81,13,295,0,0,0,0,3166,3031,37,8,89,0,0,0,89,0,0,0,4304,3932,69,34,269,0,0,0,269,0,0,34,4407,4150,57,39,138,25,1,0,0,3347,3182,34,27,82,21,1,0,0,3607,3248,63,37,134,1,3,15,106,4565,4067,100,77,219,78,3,3607,3248,63,54,162,50,3
128,ME26,0.602734731,0.385597083,-0.217137648,5485,3306,2115,5442,2026,3377,4247,1987,2226,4941,2593,2005,4859,2220,2497,4921,2433,2373,5545,5305,35,4,165,35,0,4,165,0,0,0,7427,6824,53,2,510,38,0,0,0,5595,5450,35,4,65,40,0,4,65,0,0,0,7418,7013,48,4,316,37,0,4,236,0,0,117,7251,6913,95,34,169,47,15,0,0,5336,5135,62,15,97,27,9,0,0,5948,5482,116,16,164,4,0,20,146,7669,6961,169,43,304,84,4,5948,5482,116,31,188,55,3
129,ME27,0.643614823,0.335721174,-0.307893649,7259,4672,2437,7163,3058,3975,5475,2994,2407,6624,3760,2310,6485,3437,2737,6604,3792,2508,8575,8275,39,95,154,4,0,95,135,0,4,0,10820,10097,73,188,448,9,23,0,0,8400,8070,105,80,129,18,0,80,115,10,4,0,10708,9754,325,390,421,47,21,93,337,9,11,179,10616,9739,224,149,446,78,16,0,0,8377,7798,139,98,299,50,9,0,0,9202,8284,230,69,292,9,7,22,289,11199,9960,329,187,473,172,22,9202,8284,230,134,354,131,14
130,ME28,0.662843814,0.322771892,-0.340071921,10289,6820,3321,10213,4660,5443,7821,4405,3344,9426,5514,3286,8703,4939,3386,9382,5466,3598,11985,11245,178,134,395,8,0,89,285,0,20,0,15077,13939,353,282,464,3,20,0,0,11835,11110,169,159,385,28,0,114,295,0,20,0,14921,13790,316,273,490,21,17,153,337,0,14,311,14306,13474,240,125,396,82,3,0,0,11077,10580,149,68,221,58,3,0,0,13101,11968,266,85,334,10,5,29,404,16049,14406,409,280,581,250,17,13101,11968,266,181,417,173,15
131,ME29,0.66923925,0.316427784,-0.352811466,3628,2428,1148,3595,1683,1868,2817,1690,1095,3421,2110,1081,3350,1956,1284,3410,2075,1235,3934,3592,116,89,130,18,0,69,122,6,0,0,4713,4196,172,163,187,23,0,0,0,4040,3698,100,65,139,28,0,41,139,9,21,0,4962,4301,146,248,279,26,6,106,254,9,0,148,4556,4167,96,119,143,36,2,0,0,3812,3533,64,92,100,25,2,0,0,4306,3826,94,41,190,7,0,16,132,5087,4403,130,102,323,70,5,4306,3826,94,72,215,53,2
105,ME3,0.579861111,0.407986111,-0.171875,2304,1336,940,2309,911,1371,1776,877,874,2141,1106,902,2120,1095,955,2148,1101,986,2766,2660,14,4,70,19,0,4,52,3,0,0,3540,3390,25,4,75,26,13,0,0,2873,2753,19,14,70,17,0,14,48,3,0,0,3679,3526,21,19,71,24,12,19,47,4,0,60,3191,3078,30,14,36,24,9,0,0,2515,2446,17,7,18,21,4,0,0,2738,2553,46,12,21,7,1,6,92,3385,3138,57,25,36,77,9,2738,2553,46,19,25,62,1
106,ME4,0.616814708,0.36872547,-0.248089238,4841,2986,1785,4772,1933,2797,3768,1858,1869,4444,2428,1763,4314,2144,2050,4415,2289,2012,5404,5210,85,30,52,29,0,30,47,7,0,0,6494,6188,89,58,120,33,0,0,0,5462,5172,160,44,47,42,0,40,41,7,0,0,6454,6018,175,64,138,45,0,55,118,11,0,79,6470,6201,89,79,83,28,10,0,0,5465,5264,63,60,59,22,9,0,0,5664,5308,72,45,51,8,2,23,155,6572,6103,96,92,110,77,5,5664,5308,72,69,80,56,4
108,ME6,0.557658605,0.420084122,-0.137574483,5706,3182,2397,5660,2125,3414,4309,2151,2095,5535,2745,2335,5396,2769,2381,5421,2798,2457,7495,7175,125,87,63,46,0,83,29,8,0,0,9459,8970,196,148,100,63,0,0,0,7675,7430,95,82,29,41,0,72,29,8,0,0,9495,9121,142,117,54,59,0,108,54,15,7,48,9319,8907,153,97,86,94,3,0,0,7468,7180,92,76,64,67,1,0,0,9095,8104,258,246,98,37,19,15,318,10784,9585,326,367,155,259,36,9095,8104,258,345,120,222,34
109,ME7,0.614366925,0.368682171,-0.245684755,9675,5944,3567,9675,4057,5530,7599,3907,3626,8980,4810,3546,8911,4683,3969,9012,4639,4158,10205,9955,140,20,60,40,0,20,20,0,0,0,13553,13032,245,79,215,55,26,0,0,10305,9990,135,20,65,103,0,20,30,0,0,0,13486,12866,226,83,182,152,0,35,115,0,0,244,13108,12641,160,45,186,71,7,0,0,9816,9565,89,16,96,48,4,0,0,10795,10132,189,16,113,9,1,54,281,14143,13083,324,107,268,156,16,10795,10132,189,45,167,108,2
110,ME8,0.465096561,0.518888366,0.053791804,10615,4937,5508,10552,2706,7731,7426,2785,4551,10000,4117,5251,9742,4010,5370,9894,4136,5424,13510,12725,334,189,200,53,0,175,165,25,0,0,17116,15846,480,420,340,65,0,0,0,13460,12790,329,172,110,31,0,140,80,4,25,0,17032,15960,505,416,202,35,0,184,143,6,0,234,16290,15295,318,230,345,114,27,0,0,12574,11943,189,132,238,78,14,0,0,14419,12936,357,142,428,18,8,42,488,17876,15805,560,352,679,302,24,14419,12936,357,241,505,215,20
111,ME9,0.451612903,0.530322581,0.078709677,2325,1050,1233,2273,556,1674,1572,564,980,2221,874,1203,2174,965,1080,2212,1023,1071,3550,3335,25,100,40,45,0,35,40,0,4,0,4390,4094,23,126,55,90,7,0,0,3505,3275,40,89,45,39,0,35,45,0,10,0,4370,4043,50,120,62,97,10,36,52,1,10,178,4322,4095,79,58,49,45,2,0,0,3385,3245,48,27,28,37,2,0,0,3805,3505,64,20,38,10,0,12,156,4707,4271,94,75,67,142,1,3805,3505,64,32,51,104,0
141,RO10,0.396333333,0.586166667,0.189833333,6000,2378,3517,5921,1328,4494,3890,1318,2514,5378,1921,3151,5253,2006,2950,5369,2153,2931,8055,7835,150,25,40,8,0,0,30,0,0,0,10428,10014,223,24,78,6,0,0,0,7980,7730,80,45,75,59,0,45,65,0,0,0,10389,9841,181,98,150,56,0,98,88,0,63,118,10138,9751,114,114,96,74,4,0,0,7941,7692,69,55,69,58,4,0,0,8750,8134,138,51,58,21,0,24,324,10684,9811,243,133,161,189,8,8750,8134,138,89,98,165,8
142,RO11,0.414711477,0.568484464,0.153772987,6308,2616,3586,6261,1455,4716,4427,1464,2897,5712,2057,3318,5642,2059,3335,5725,2223,3247,7770,7560,80,8,110,14,0,4,110,0,0,0,9806,9377,152,55,191,14,0,0,0,7655,7425,110,4,105,8,0,0,90,0,0,0,9706,9255,194,52,175,10,0,20,159,0,31,47,9051,8723,130,49,91,57,5,0,0,6682,6491,81,29,41,34,3,0,0,7959,7513,138,15,45,6,1,39,202,9971,9277,241,54,113,157,9,7959,7513,138,35,67,117,4
143,RO12,0.410566038,0.571823899,0.161257862,3975,1632,2273,3953,967,2919,2716,928,1732,3572,1207,2144,3462,1167,2100,3525,1334,1993,4950,4710,95,60,35,50,0,30,35,0,0,0,6389,6035,174,92,36,52,0,0,0,4930,4660,100,50,75,45,0,25,50,0,0,0,6350,5978,175,78,73,46,0,26,49,0,0,122,5986,5785,94,33,31,43,2,0,0,4502,4371,57,26,18,34,2,0,0,5111,4789,108,19,31,2,4,30,128,6548,6060,185,56,78,86,7,5111,4789,108,39,45,64,5
144,RO13,0.384232955,0.598721591,0.214488636,2816,1082,1686,2785,621,2106,1859,623,1204,2594,860,1580,2483,824,1501,2541,978,1408,3565,3265,115,15,40,125,0,15,40,0,15,0,4515,4120,148,26,41,167,13,0,0,3485,3250,80,10,55,80,0,10,55,0,10,0,4515,4174,134,30,58,110,9,21,58,0,0,128,4387,4194,68,48,28,52,5,0,0,3278,3163,36,24,15,39,5,0,0,3564,3344,63,23,19,8,1,6,100,4408,4076,106,60,54,73,7,3564,3344,63,39,31,50,6
145,RO14,0.432532876,0.553363827,0.120830951,10494,4539,5807,10357,2699,7523,7241,2591,4565,9882,3638,5717,9615,3402,5773,9770,3816,5495,12805,12290,274,75,55,75,0,75,15,0,30,0,16310,15285,467,185,283,105,0,0,0,12765,12130,375,70,110,50,0,70,50,25,35,0,16302,15213,599,210,284,80,0,69,173,25,0,223,16153,15570,259,118,151,65,3,0,0,12434,12055,174,60,94,46,2,0,0,13571,12635,365,66,109,13,1,38,344,16828,15429,587,223,237,205,9,13571,12635,365,144,152,161,8
146,RO15,0.440830721,0.547609718,0.106778997,5104,2250,2795,5078,1283,3749,3550,1229,2279,4522,1671,2595,4407,1464,2775,4477,1679,2644,5490,5240,70,0,115,70,0,0,115,0,0,0,6952,6627,145,0,110,70,0,0,0,5480,5270,65,0,115,25,0,0,115,0,0,0,6897,6621,136,0,115,25,0,0,115,0,0,25,6751,6515,96,45,88,16,7,0,0,5305,5145,64,25,61,10,3,0,0,5935,5605,129,23,83,0,0,8,87,7087,6617,199,54,134,35,2,5935,5605,129,33,99,30,1
147,RO16,0.459092433,0.525986364,0.066893931,17894,8215,9412,17737,4967,12519,11431,4605,6632,16913,6825,9237,16529,6519,9065,16920,7211,8721,25740,24510,710,228,209,74,0,128,169,0,10,0,33439,30928,1404,546,529,103,19,0,0,25605,24470,620,163,285,63,0,93,190,0,35,0,33515,31298,1175,409,601,106,24,217,430,9,0,386,33101,30591,1080,507,659,261,28,0,0,24937,23313,675,309,465,170,16,0,0,27258,24437,1039,283,431,43,4,132,889,34317,30229,1580,779,776,603,37,27258,24437,1039,494,564,466,27
148,RO17,0.428115016,0.558769127,0.130654111,17841,7638,9969,17660,4289,13202,11466,4036,7293,16222,6068,9312,15589,5516,9343,15909,6427,8714,23515,20520,1780,185,880,100,0,100,770,15,45,0,29234,24886,2514,450,1328,253,21,0,0,23150,20595,1605,165,659,95,0,75,584,25,40,0,29133,25238,2345,348,1163,182,35,93,1055,22,0,380,28783,25965,1270,357,1079,144,30,0,0,22491,20581,834,226,765,97,20,0,0,24811,21666,1324,232,886,36,5,93,569,30089,25721,1954,625,1306,371,35,24811,21666,1324,427,997,275,20
149,RO18,0.461313131,0.524848485,0.063535354,9900,4567,5196,9746,2403,7241,6673,2384,4218,8890,3507,4825,8730,2998,5447,8864,3382,5226,10540,9760,309,110,340,0,0,110,240,0,20,0,14610,13232,478,151,768,0,0,0,0,10650,9880,359,115,285,0,0,115,185,0,15,0,14508,13283,507,151,583,0,0,115,316,0,0,287,13585,12756,218,88,478,42,15,0,0,9793,9272,128,50,309,25,9,0,0,11687,10453,322,63,498,10,1,54,286,15817,13876,503,179,925,145,10,11687,10453,322,103,574,95,10
150,RO19,0.487494487,0.498015498,0.010521011,15873,7738,7905,15767,4302,11303,10769,4300,6354,14237,5968,7338,13835,5536,7668,14174,5956,7654,19595,18505,420,245,354,60,25,245,235,20,4,0,25936,24019,824,404,615,105,38,0,0,19210,18175,340,280,348,70,0,280,228,10,4,0,25529,23731,758,425,569,91,16,314,399,12,12,303,24116,22756,502,245,532,102,13,0,0,17620,16784,300,156,323,66,8,0,0,20140,18338,606,142,390,11,6,76,571,25826,23105,972,477,685,314,30,20140,18338,606,271,466,222,20
133,RO2,0.68511862,0.298346513,-0.386772106,2782,1906,830,2729,1256,1433,2074,1223,823,2449,1528,779,2377,1385,889,2432,1449,898,3657,3251,113,55,188,21,0,42,188,0,25,0,4880,3976,228,130,535,23,37,0,0,3539,3221,92,61,77,46,0,46,77,0,35,0,4549,3831,207,89,338,45,56,48,335,0,8,119,4227,3665,156,182,204,58,9,0,0,3361,3001,84,104,144,34,5,0,0,3707,3151,120,65,227,4,0,18,122,4528,3764,189,146,339,77,11,3707,3151,120,107,248,62,6
152,RO21,0.516472203,0.470830474,-0.04564173,2914,1505,1372,2871,893,1945,2130,884,1221,2585,1145,1267,2536,1068,1371,2567,1134,1332,3415,3265,20,35,40,55,0,35,40,0,0,0,4612,4385,44,42,84,52,0,0,0,3440,3335,25,20,20,40,0,20,20,0,0,0,4712,4587,37,27,19,36,0,21,19,0,0,48,4486,4281,67,44,59,31,12,0,0,3294,3155,53,32,35,22,7,0,0,3519,3305,47,24,42,3,0,12,86,4490,4148,79,50,108,75,9,3519,3305,47,40,59,46,6
153,RO22,0.75179569,0.240489492,-0.511306198,3759,2826,904,3720,1975,1711,2948,1865,1063,3426,2355,853,3321,2036,1198,3400,2167,1153,4547,4260,74,92,37,82,0,54,22,9,0,0,5238,4837,92,156,96,90,0,0,0,4604,4192,85,65,80,170,0,40,71,11,9,0,5304,4751,102,180,131,167,10,118,73,11,0,247,5113,4769,85,67,151,33,6,0,0,4385,4143,58,40,104,26,6,0,0,4471,4055,130,26,133,5,0,6,116,5096,4563,170,86,206,59,7,4471,4055,130,72,164,45,4
156,RO25,0.779546124,0.206012378,-0.573533746,3393,2645,699,3302,1928,1333,2682,1919,734,3157,2296,678,3056,2066,892,3136,2190,862,3537,3354,51,112,0,21,0,112,0,0,0,0,4204,3956,63,148,23,28,0,0,0,3534,3352,46,107,10,16,0,107,0,0,0,0,4216,3950,56,137,64,24,0,137,48,0,0,26,4321,4088,77,67,76,31,2,0,0,3757,3574,56,55,56,28,2,0,0,4052,3790,72,22,47,10,4,17,90,4680,4339,97,51,94,62,10,4052,3790,72,29,66,45,9
157,RO26,0.664552239,0.321268657,-0.343283582,2680,1781,861,2605,1114,1450,1948,1093,834,2343,1374,812,2265,1295,870,2315,1370,870,3215,2953,93,130,29,17,0,97,27,0,0,0,4288,3645,139,165,323,17,0,0,0,3103,2847,38,125,33,54,0,90,32,0,0,0,4325,3560,54,164,495,53,0,130,440,0,0,141,4283,3638,172,129,322,45,5,0,0,3446,2982,114,91,246,32,4,0,0,3611,3101,136,45,199,3,0,11,116,4376,3696,201,108,299,68,6,3611,3101,136,76,226,55,5
159,RO29,0.612039679,0.377768719,-0.234270961,7359,4504,2780,7309,2766,4493,5892,2781,3065,6693,3607,2653,6603,3141,3260,6687,3420,3116,7595,7305,50,65,115,60,0,65,105,0,0,0,9475,8919,96,82,303,60,29,0,0,7500,7195,45,59,155,45,0,59,135,0,0,0,9387,8812,65,84,406,44,9,60,298,0,0,152,8851,8518,89,66,154,30,6,0,0,6940,6724,58,45,100,22,4,0,0,7946,7459,140,42,94,0,4,38,169,9610,8914,200,87,204,114,16,7946,7459,140,68,129,89,11
134,RO3,0.571963155,0.418825561,-0.153137594,3474,1987,1455,3439,1158,2250,2630,1190,1422,3182,1562,1448,3130,1394,1639,3189,1518,1574,3615,3330,69,74,125,10,0,39,125,0,0,0,4457,3999,160,101,186,11,0,0,0,3595,3405,44,44,95,4,0,34,65,0,0,0,4453,4112,128,69,137,7,0,61,65,0,0,87,4301,4142,41,22,79,16,2,0,0,3402,3295,27,12,52,13,1,0,0,3806,3561,51,20,63,7,0,10,94,4538,4207,75,36,120,41,4,3806,3561,51,28,85,30,4
162,RO32,0.405040323,0.579939516,0.174899194,9920,4018,5753,9841,2154,7539,7191,2335,4761,9065,3253,5191,8880,3267,5195,9001,3328,5281,11090,10695,125,95,70,105,0,95,55,0,0,0,13858,13222,259,124,156,105,0,0,0,10975,10640,110,60,99,75,0,60,84,0,0,0,13773,13195,236,82,193,75,0,58,103,0,11,170,13142,12710,161,88,115,89,2,0,0,10075,9818,83,48,60,69,1,0,0,11707,10970,190,38,110,9,1,49,340,14814,13752,296,118,246,212,10,11707,10970,190,72,159,169,8
164,RO34,0.486800754,0.490886235,0.004085481,6364,3098,3124,6318,1863,4348,4504,1871,2565,5742,2421,2896,5651,2463,2892,5728,2562,2897,7400,7080,165,65,45,54,0,65,45,0,0,0,9357,8899,257,89,85,84,0,0,0,7355,7125,155,0,30,44,0,0,30,0,0,0,9309,8964,242,0,58,75,0,0,49,0,0,54,9017,8684,93,56,122,68,3,0,0,6857,6668,54,32,71,32,3,0,0,7883,7346,125,22,74,11,4,26,275,9870,9112,189,90,161,196,10,7883,7346,125,52,103,154,7
166,RO36,0.397611419,0.582580833,0.184969415,3433,1365,2000,3406,789,2541,2245,784,1410,3147,1127,1785,3046,1206,1656,3107,1296,1630,5455,5330,55,0,45,20,0,0,0,0,0,0,6930,6646,89,42,131,22,0,0,0,5415,5300,45,0,50,20,0,0,0,0,0,0,6884,6697,73,28,65,21,0,0,0,0,0,114,6786,6540,52,68,60,62,11,0,0,5165,5019,28,25,37,49,7,0,0,5469,5026,85,27,38,26,3,19,245,6722,6113,118,118,73,221,9,5469,5026,85,65,52,167,4
167,RO37,0.431318173,0.549824367,0.118506193,5409,2333,2974,5369,1284,3985,3689,1274,2356,4948,1881,2727,4790,1952,2574,4882,2149,2464,7809,7552,66,21,62,96,0,4,62,0,18,0,9725,9211,77,39,308,117,0,0,0,7681,7537,21,32,22,67,0,15,22,0,9,0,9823,9477,20,43,222,79,0,16,201,0,0,110,9504,9155,108,103,73,81,5,0,0,7485,7285,65,43,40,56,3,0,0,8179,7490,172,44,94,25,1,24,329,9842,8958,221,148,160,256,9,8179,7490,172,100,132,217,4
168,RO38,0.380247763,0.602890571,0.222642808,2906,1105,1752,2869,602,2226,2041,672,1335,2610,867,1583,2550,938,1446,2586,993,1475,3510,3375,29,20,25,55,0,20,0,25,0,0,4480,4274,40,72,39,55,0,0,0,3485,3420,8,4,0,44,0,4,0,15,4,0,4467,4320,25,69,7,53,0,15,0,14,0,93,4390,4269,37,26,29,37,1,0,0,3367,3285,25,15,19,27,0,0,0,3684,3490,33,13,18,8,0,4,118,4516,4247,46,42,28,80,6,3684,3490,33,24,21,67,0
169,RO39,0.508933652,0.471264368,-0.037669284,8787,4472,4141,8685,2712,5862,6393,2746,3538,7854,3493,3765,7732,3496,3824,7852,3629,3886,10035,9670,140,10,190,30,0,10,190,0,0,0,13203,12570,253,51,315,28,0,0,0,10170,9715,250,10,155,39,0,10,155,0,0,0,13097,12338,389,53,313,39,0,37,227,0,0,106,12567,12119,155,85,135,83,4,0,0,9566,9276,93,51,86,64,4,0,0,10583,9885,152,42,99,11,0,34,360,13556,12519,240,134,236,223,19,10583,9885,152,78,146,179,10
135,RO4,0.534689619,0.453138585,-0.081551035,11502,6150,5212,11414,3598,7674,8403,3737,4593,10310,4953,4802,10056,4504,5233,10244,4954,4997,12900,12440,115,48,208,39,0,18,114,0,39,0,15467,14717,191,120,367,80,34,0,0,13015,12445,140,133,238,29,0,23,134,0,45,0,15452,14541,221,192,443,61,44,21,227,26,0,416,15461,14701,265,145,262,104,16,0,0,12762,12217,206,95,171,76,11,0,0,13944,13043,286,41,178,14,4,43,335,16214,15012,392,137,304,249,17,13944,13043,286,91,247,177,14
136,RO5,0.425307178,0.559387799,0.134080621,4639,1973,2595,4892,1144,3665,3141,1114,1993,4535,1595,2743,4336,1587,2520,4436,1875,2341,7310,7035,75,40,130,15,0,40,100,0,10,0,8830,8354,113,111,154,67,11,0,0,7445,7235,50,30,115,0,0,30,100,0,10,0,8846,8506,77,77,135,0,8,77,119,0,18,49,8662,8266,125,87,112,61,0,0,0,7042,6783,87,43,75,45,0,0,0,7123,6617,118,52,65,13,3,19,236,8401,7685,195,129,127,127,7,7123,6617,118,75,91,97,4
137,RO6,0.497327564,0.487401374,-0.00992619,3929,1954,1915,3877,1204,2627,2955,1187,1728,3599,1560,1805,3522,1364,2029,3586,1545,1914,4360,4235,30,14,48,19,0,0,44,0,10,0,5449,5238,39,18,97,56,10,0,0,4300,4180,14,26,37,29,0,18,33,10,4,0,5464,5242,19,43,81,81,5,25,58,8,0,112,5174,5011,51,38,48,24,6,0,0,3930,3839,24,17,34,12,6,0,0,4324,4044,52,18,61,3,2,18,126,5392,4986,90,60,121,64,4,4324,4044,52,35,90,47,4
138,RO7,0.426519706,0.561122244,0.134602538,2994,1277,1680,2967,789,2123,2000,763,1200,2749,991,1593,2664,973,1514,2716,1066,1486,3950,3835,75,0,25,0,0,0,25,0,15,0,4920,4733,117,0,70,0,15,0,0,3860,3700,70,25,14,35,0,25,14,0,15,0,4886,4658,114,26,55,33,15,26,40,0,0,48,4603,4453,67,17,27,39,0,0,0,3462,3369,40,10,16,27,0,0,0,3875,3576,101,25,28,6,0,26,113,4820,4408,148,53,51,101,1,3875,3576,101,39,32,75,0
139,RO8,0.4341514,0.553059108,0.118907708,5786,2512,3200,5726,1503,4160,4138,1515,2571,5260,2030,2911,5131,1856,2972,5245,2096,2875,6930,6745,50,0,75,65,0,0,55,0,0,0,8702,8431,65,0,79,127,0,0,0,6870,6725,50,0,70,24,0,0,40,0,0,0,8655,8423,78,0,82,72,0,0,41,0,0,113,8382,8083,107,50,72,56,12,0,0,6529,6364,64,20,35,35,5,0,0,7050,6650,117,26,29,9,2,38,179,8643,8043,198,88,77,120,2,7050,6650,117,51,54,84,2
140,RO9,0.461347757,0.520847419,0.059499662,4437,2047,2311,4308,1146,3106,3145,1238,1862,4005,1625,2117,3901,1634,2050,3977,1744,2018,5455,5130,100,40,44,140,0,20,29,0,0,0,6966,6579,118,74,55,140,0,0,0,5350,5085,40,45,55,125,0,25,40,0,0,0,6945,6465,38,72,70,300,0,24,40,0,0,378,6411,6094,100,36,107,73,3,0,0,4951,4759,57,21,63,48,3,0,0,5726,5300,87,20,65,13,0,27,214,7125,6539,131,83,111,142,10,5726,5300,87,54,81,114,8
180,ST11,0.560138337,0.420776226,-0.139362111,7807,4373,3285,7744,2829,4794,5344,2534,2713,7004,3412,3100,6836,3430,3061,6959,3618,2998,10945,10120,195,380,209,20,0,335,165,20,30,0,14488,12286,340,660,1192,19,29,0,0,10840,10035,235,300,249,0,0,260,210,0,15,0,14438,12297,430,538,1183,4,17,387,857,4,34,429,14293,12790,320,331,712,185,13,0,0,10981,10003,203,155,511,115,12,0,0,11674,9944,375,157,692,29,7,37,433,14452,12023,583,425,1023,280,34,11674,9944,375,243,778,231,19
181,ST12,0.601065855,0.378759041,-0.222306814,2627,1579,995,2580,965,1573,1974,962,988,2428,1248,1025,2344,1172,1084,2394,1227,1083,4103,3818,90,66,79,49,0,60,79,4,4,0,5443,4824,251,87,181,112,0,0,0,3853,3621,86,57,48,41,0,50,48,4,0,0,5283,4628,241,70,255,88,0,63,223,7,0,118,4986,4237,120,123,492,32,12,0,0,3921,3381,89,94,344,23,10,0,0,4062,3379,150,102,303,7,0,12,109,5025,4099,184,174,474,55,11,4062,3379,150,132,331,37,10
182,ST13,0.728410513,0.248435544,-0.479974969,3196,2328,794,3183,1691,1410,2237,1520,666,2839,1863,733,2779,1810,833,2814,1879,812,3819,3505,113,31,165,2,0,17,119,1,4,0,4989,4188,273,32,490,2,4,0,0,3803,3495,45,34,226,6,0,15,208,1,2,0,5128,4184,149,41,747,5,3,22,682,1,0,92,4992,4415,112,135,305,45,7,0,0,4201,3765,84,96,232,43,6,0,0,4313,3716,119,59,204,11,0,15,189,5162,4386,155,148,324,95,7,4313,3716,119,95,248,75,5
183,ST14,0.707593386,0.275566442,-0.432026944,3266,2311,900,3233,1676,1495,2385,1562,770,2947,1903,856,2893,1809,961,2977,1925,922,4600,4179,60,83,173,57,0,83,76,9,36,0,5562,4964,105,110,286,66,34,0,0,4438,4071,57,54,122,112,0,40,68,9,23,0,5374,4835,121,63,215,113,23,40,154,16,0,210,5074,4542,129,179,182,56,10,0,0,4173,3807,85,105,138,39,9,0,0,4893,4300,149,82,195,0,0,21,146,5819,5037,205,166,295,69,15,4893,4300,149,119,225,61,13
184,ST15,0.626697412,0.359979503,-0.266717909,3903,2446,1405,3859,1560,2242,2997,1551,1415,3477,1960,1298,3394,1846,1440,3464,1908,1449,4356,4022,143,43,116,27,0,15,92,2,0,0,5564,4978,195,123,252,27,0,0,0,4177,3961,47,0,131,41,0,0,111,2,0,0,5206,4786,67,33,272,41,0,0,250,2,4,95,5028,4671,52,66,210,32,8,0,0,4094,3846,39,43,145,24,4,0,0,4828,4313,100,50,182,0,0,21,162,5802,5088,127,132,321,88,10,4828,4313,100,82,229,66,4
185,ST16,0.605852601,0.373916185,-0.231936416,2768,1677,1035,2746,1091,1606,2000,1067,904,2556,1381,951,2507,1353,1027,2546,1392,1031,3420,3053,120,76,151,20,0,46,149,0,0,0,4507,3995,209,104,206,18,0,0,0,3479,3150,92,68,158,20,0,46,156,0,0,0,4624,4070,174,171,204,25,0,69,188,0,0,120,4773,4121,153,186,284,45,8,0,0,3462,3093,94,71,176,30,5,0,0,4197,3472,119,90,306,10,3,18,179,5481,4460,204,196,462,105,19,4197,3472,119,137,334,87,13
187,ST18,0.682059665,0.305271761,-0.376787904,2447,1669,747,2394,1158,1210,1843,1087,731,2096,1265,699,2069,1162,855,2095,1214,834,2298,2263,7,1,0,26,0,1,0,25,0,0,2819,2763,10,2,0,43,0,0,0,2341,2314,3,0,0,25,0,0,0,20,0,0,2909,2869,3,0,0,35,0,0,0,18,0,17,2985,2863,53,17,38,13,0,0,0,2346,2275,29,10,22,10,0,0,0,2770,2552,35,8,43,12,1,13,106,3404,3095,64,28,87,67,6,2770,2552,35,16,61,56,3
188,ST19,0.649248389,0.33285612,-0.316392269,2794,1814,930,2798,1285,1483,2145,1258,857,2587,1527,858,2486,1439,958,2528,1496,941,3465,3310,18,15,105,10,0,15,95,10,10,0,4338,4145,18,36,130,25,0,0,0,3345,3210,12,10,60,18,0,10,60,10,24,0,4228,4003,13,43,84,31,65,35,64,9,0,104,4004,3870,42,24,33,32,3,0,0,3161,3069,29,15,21,25,1,0,0,3381,3122,44,19,40,0,0,13,143,4075,3714,71,37,90,96,3,3381,3122,44,32,60,77,2
171,ST2,0.48037889,0.49729364,0.01691475,2956,1420,1470,2935,807,2093,2125,838,1255,2684,1071,1407,2601,1121,1330,2657,1179,1319,3739,3651,10,28,22,49,0,11,22,20,9,0,4922,4653,20,140,77,69,0,0,0,3646,3547,12,25,17,48,0,3,17,20,26,0,4779,4489,21,160,83,86,0,105,47,19,0,95,4995,4722,68,53,111,45,6,0,0,3872,3710,39,28,66,28,4,0,0,4344,4053,70,20,51,11,0,3,136,5280,4845,111,67,112,88,8,4344,4053,70,30,73,70,1
189,ST20,0.433266779,0.544156044,0.110889264,6511,2821,3543,6433,1617,4698,4358,1664,2609,6173,2407,3297,6007,2592,3071,6095,2677,3058,10615,10040,220,14,115,230,0,14,115,85,0,0,13006,12183,236,87,201,299,0,0,0,10495,9890,220,8,129,243,0,8,125,154,0,0,12825,12063,233,14,200,320,0,8,125,187,0,209,13292,12867,126,85,71,153,6,0,0,10498,10222,68,50,49,113,5,0,0,10310,9579,130,34,50,31,0,27,459,12623,11580,213,136,112,380,23,10310,9579,130,79,73,286,19
190,ST21,0.426465662,0.555778894,0.129313233,2985,1273,1659,2952,838,2066,2131,865,1239,2803,1084,1525,2687,1115,1471,2762,1179,1481,3645,3480,64,27,35,64,0,4,10,0,0,0,4442,4172,97,60,70,66,0,0,0,3680,3540,54,37,14,48,0,14,4,0,0,0,4601,4366,88,73,42,53,0,13,34,3,1,96,4666,4519,48,22,27,58,4,0,0,3779,3686,22,17,17,42,1,0,0,3808,3550,64,11,8,10,1,21,143,4610,4260,89,40,35,130,4,3808,3550,64,23,18,101,2
172,ST3,0.474547318,0.509053639,0.03450632,2927,1389,1490,2896,777,2062,2121,791,1288,2771,1150,1425,2698,1141,1414,2732,1215,1396,4483,4356,58,49,0,22,6,3,0,0,15,0,5497,5243,157,74,12,45,8,0,0,4366,4239,42,48,6,23,2,3,6,0,22,0,5367,5141,124,84,12,60,3,3,8,0,0,90,5034,4766,97,57,95,32,3,0,0,3965,3796,52,30,71,24,2,0,0,4488,4080,119,40,101,5,0,2,141,5440,4832,175,121,182,120,6,4488,4080,119,72,130,84,3
173,ST4,0.467566678,0.510042805,0.042476128,3037,1420,1549,3004,840,2094,1931,751,1146,2588,1017,1370,2528,1060,1313,2566,1111,1304,3795,3612,87,4,26,35,29,4,26,0,0,0,4941,4532,164,50,107,60,45,0,0,3550,3330,96,4,46,22,13,4,46,0,45,0,4703,4339,127,48,93,55,68,1,58,0,3,151,4907,4626,89,65,85,41,8,0,0,3916,3740,57,32,61,29,5,0,0,4721,4311,79,44,76,8,4,20,179,5804,5211,142,113,135,132,5,4721,4311,79,79,108,88,4
174,ST5,0.513261113,0.467314158,-0.045946956,2677,1374,1251,2659,807,1799,1844,780,1017,2418,1048,1190,2363,1101,1116,2407,1166,1105,3847,3642,122,20,5,51,0,20,5,0,2,0,5256,4808,255,79,27,92,0,0,0,3787,3534,180,4,15,44,0,4,5,0,1,0,5136,4634,329,30,30,115,0,5,17,0,1,149,4896,4595,102,98,59,46,1,0,0,3663,3493,52,50,38,31,0,0,0,4326,3875,130,67,64,7,5,3,175,5498,4827,236,183,111,126,22,4326,3875,130,112,88,93,17
175,ST6,0.509251472,0.466358284,-0.042893188,2378,1211,1109,2352,719,1576,1591,682,880,2131,947,1009,2057,968,928,2103,1053,888,4222,3822,121,141,59,69,0,76,39,0,46,0,5234,4626,166,216,197,158,0,0,0,4445,4153,43,145,4,84,0,59,4,0,87,0,5496,5026,73,273,112,220,0,60,112,0,0,227,5014,4638,125,118,93,66,9,0,0,3846,3622,67,59,64,47,6,0,0,4121,3692,125,58,70,8,0,15,153,5110,4469,193,146,132,123,7,4121,3692,125,92,87,89,5
177,ST8,0.764404609,0.219206146,-0.545198464,7810,5970,1712,7496,4332,3020,6552,4806,1618,9631,6501,2450,9109,5896,2913,9472,6287,2967,14400,13245,319,178,504,149,0,105,374,0,10,0,16481,14786,328,256,989,157,0,0,0,14190,13015,299,204,490,160,0,110,340,0,14,0,16440,14618,319,303,1037,175,9,125,838,0,42,498,14638,13522,300,196,598,46,18,0,0,13384,12401,271,181,507,40,17,0,0,14108,11929,606,201,740,50,10,12,560,15490,13046,653,466,1078,179,30,14108,11929,606,452,934,145,23
178,ST9,0.641847192,0.340770528,-0.301076664,7709,4948,2627,7589,3310,4164,5837,3273,2483,6967,4025,2398,6816,3874,2658,6924,3996,2690,8942,8293,137,82,355,41,0,67,295,4,35,0,11902,10443,309,320,826,160,0,0,0,8885,8382,141,78,248,20,0,67,239,4,30,0,11992,10697,321,301,712,119,0,112,579,4,1,282,11235,10452,182,198,380,63,11,0,0,8638,8154,107,105,231,49,7,0,0,9465,8449,224,68,350,8,0,49,317,11890,10439,321,189,611,184,12,9465,8449,224,124,405,165,9
191,SU1,0.525903614,0.458433735,-0.06746988,3320,1746,1522,3294,1062,2186,2498,975,1485,2954,1272,1466,2914,1232,1541,2956,1257,1566,3645,3605,4,4,30,4,0,0,30,0,0,0,4533,4482,5,11,30,5,0,0,0,3630,3600,8,0,20,4,0,0,20,0,0,0,4542,4492,6,6,35,3,0,6,19,0,0,19,4676,4529,48,14,35,52,4,0,0,3702,3604,28,11,18,38,1,0,0,3814,3531,57,12,32,8,0,31,143,4601,4204,92,37,72,100,5,3814,3531,57,29,49,77,5
192,SU2,0.485054563,0.491380674,0.006326111,6323,3067,3107,6251,1889,4229,4280,1875,2337,6070,2655,2951,5898,2704,2869,6007,2871,2769,10992,10552,96,213,90,48,0,183,25,0,0,0,13966,13207,308,339,120,53,0,0,0,11069,10651,90,209,95,30,0,174,55,0,0,0,14020,13254,301,376,127,33,0,229,86,0,0,152,14119,13439,176,176,173,174,6,0,0,11054,10619,109,87,112,135,3,0,0,10943,9912,190,55,133,45,3,36,569,13750,12270,293,221,235,530,20,10943,9912,190,112,160,387,14
